1502,Rebbecca,Didio,Brandt, Jonathan F Esq,171 E 24th St,Leith,TAS,3,rebbecca.didio@didio.com.au,http://www.brandtjonathanfesq.com.au
1503,Stevie,Hallo,Landrum Temporary Services,22222 Acoma St,Proston,QLD,7,stevie.hallo@hotmail.com,http://www.landrumtemporaryservices.com.au
1504,Mariko,Stayer,Inabinet, Macre Esq,534 Schoenborn St #51,Hamel,WA,8,mariko_stayer@hotmail.com,http://www.inabinetmacreesq.com.au
1505,Gerardo,Woodka,Morris Downing & Sherred,69206 Jackson Ave,Talmalmo,NSW,2,gerardo_woodka@hotmail.com,http://www.morrisdowningsherred.com.au
1506,Mayra,Bena,Buelt, David L Esq,808 Glen Cove Ave,Lane Cove,NSW,2,mayra.bena@gmail.com,http://www.bueltdavidlesq.com.au
1507,Idella,Scotland,Artesian Ice & Cold Storage Co,373 Lafayette St,Cartmeticup,WA,8,idella@hotmail.com,http://www.artesianicecoldstorageco.com.au
1508,Sherill,Klar,Midway Hotel,87 Sylvan Ave,Nyamup,WA,8,sklar@hotmail.com,http://www.midwayhotel.com.au
1509,Ena,Desjardiws,Selsor, Robert J Esq,60562 Ky Rt 321,Bendick Murrell,NSW,2,ena_desjardiws@desjardiws.com.au,http://www.selsorrobertjesq.com.au
1510,Vince,Siena,Vincent J Petti & Co,70 S 18th Pl,Purrawunda,QLD,7,vince_siena@yahoo.com,http://www.vincentjpettico.com.au
1511,Theron,Jarding,Prentiss, Paul F Esq,8839 Ventura Blvd,Blanchetown,SA,8,tjarding@hotmail.com,http://www.prentisspaulfesq.com.au
1512,Amira,Chudej,Public Works Department,3684 N Wacker Dr,Rockside,QLD,7,amira.chudej@chudej.net.au,http://www.publicworksdepartment.com.au
1513,Marica,Tarbor,Prudential Lighting Corp,68828 S 32nd St #6,Rosegarland,TAS,3,marica.tarbor@hotmail.com,http://www.prudentiallightingcorp.com.au
1514,Shawna,Albrough,Wood, J Scott Esq,43157 Cypress St,Ringwood,QLD,7,shawna.albrough@albrough.com.au,http://www.woodjscottesq.com.au
1515,Paulina,Maker,Swanson Peterson Fnrl Home Inc,6 S Hanover Ave,Maylands,WA,8,paulina_maker@maker.net.au,http://www.swansonpetersonfnrlhomeinc.com.au
1516,Rose,Jebb,Old Cider Mill Grove,27916 Tarrytown Rd,Wooloowin,QLD,7,rose@jebb.net.au,http://www.oldcidermillgrove.com.au
1517,Reita,Tabar,Cooper Myers Y Co,79620 Timber Dr,Arthurville,NSW,2,rtabar@hotmail.com,http://www.coopermyersyco.com.au
1518,Maybelle,Bewley,Angelo International,387 Airway Cir #62,Mapleton,QLD,7,mbewley@yahoo.com,http://www.angelointernational.com.au
1519,Camellia,Pylant,Blackley, William J Pa,570 W Pine St,Tuggerawong,NSW,2,camellia_pylant@gmail.com,http://www.blackleywilliamjpa.com.au
1520,Roy,Nybo,Phoenix Phototype,823 Fishers Ln,Red Hill,ACT,2,rnybo@nybo.net.au,http://www.phoenixphototype.com.au
1521,Albert,Sonier,Quartzite Processing Inc,4 Brookcrest Dr #7786,Inverlaw,QLD,7,albert.sonier@gmail.com,http://www.quartziteprocessinginc.com.au
1522,Hayley,Taghon,Biltmore Textile Co Inc,72 Wyoming Ave,Eugowra,NSW,2,htaghon@taghon.net.au,http://www.biltmoretextilecoinc.com.au
1523,Norah,Daleo,Gateway Refrigeration,754 Sammis Ave,Kotara Fair,NSW,2,ndaleo@daleo.net.au,http://www.gatewayrefrigeration.com.au
1524,Rosina,Sidhu,Anchorage Yamaha,660 N Green St,Burpengary,QLD,7,rosina_sidhu@gmail.com,http://www.anchorageyamaha.com.au
1525,Royal,Costeira,Wynns Precision Inc Az Div,970 Waterloo Rd,Ellis Beach,QLD,7,royal_costeira@costeira.com.au,http://www.wynnsprecisionincazdiv.com.au
1526,Barrie,Nicley,Paragon Cable Tv,4129 Abbott Dr,Fish Creek,VIC,3,bnicley@nicley.com.au,http://www.paragoncabletv.com.au
1527,Linsey,Gedman,Eagle Computer Services Inc,1529 Prince Rodgers Ave,Kennedy,QLD,7,lgedman@gedman.net.au,http://www.eaglecomputerservicesinc.com.au
1528,Laura,Bourbonnais,Kansas Association Ins Agtts,2 N Valley Mills Dr,Cape Portland,TAS,3,laura.bourbonnais@yahoo.com,http://www.kansasassociationinsagtts.com.au
1529,Fanny,Stoneking,Di Giacomo, Richard F Esq,50968 Kurtz St #45,Warra,QLD,7,fstoneking@hotmail.com,http://www.digiacomorichardfesq.com.au
1530,Kristian,Ellerbusch,Butler, Frank B Esq,71585 S Ayon Ave #9,Wanguri,NT,8,kristian@yahoo.com,http://www.butlerfrankbesq.com.au
1531,Gwen,Julye,Alphagraphics Printshops,8 Old County Rd #3,Alvie,VIC,3,gjulye@hotmail.com,http://www.alphagraphicsprintshops.com.au
1532,Ben,Majorga,Voyager Travel Service,13904 S 35th St,Wherrol Flat,NSW,2,ben.majorga@hotmail.com,http://www.voyagertravelservice.com.au
1533,Trina,Oto,N Amer Plast & Chemls Co Inc,6149 Kapiolani Blvd #6,Placid Hills,QLD,7,trina@oto.com.au,http://www.namerplastchemlscoinc.com.au
1534,Emelda,Geffers,D L Downing General Contr Inc,95431 34th Ave #62,Nedlands,WA,8,emelda.geffers@gmail.com,http://www.dldowninggeneralcontrinc.com.au
1535,Zana,Ploszaj,Community Insurance Agy Inc,25 Swift Ave,Auchenflower,QLD,7,zana_ploszaj@ploszaj.net.au,http://www.communityinsuranceagyinc.com.au
1536,Shaun,Rael,House Of Ing,14304 Old Alexandria Ferry Rd,Buninyong,VIC,3,shaun.rael@rael.com.au,http://www.houseofing.com.au
1537,Oren,Lobosco,Vei Inc,1585 Salem Church Rd #59,Dangar Island,NSW,2,olobosco@hotmail.com,http://www.veiinc.com.au
1538,Catherin,Aguele,Hanna, Robert J Esq,75962 E Drinker St,Sunny Nook,QLD,7,caguele@gmail.com,http://www.hannarobertjesq.com.au
1539,Pearlene,Boudrie,Design Rite Homes Inc,8978 W Henrietta Rd,Minden,QLD,7,pboudrie@boudrie.net.au,http://www.designritehomesinc.com.au
1540,Kathryn,Bonalumi,State Library,86 Worth St #272,Tibradden,WA,8,kathryn.bonalumi@yahoo.com,http://www.statelibrary.com.au
1541,Suzan,Landa,Vista Grande Baptist Church,15 Campville Rd #191,Clermont,QLD,7,suzan.landa@gmail.com,http://www.vistagrandebaptistchurch.com.au
1542,Sommer,Agar,Poole Publications Inc,3 N Ridge Ave,Kadina,SA,8,sagar@agar.net.au,http://www.poolepublicationsinc.com.au
1543,Keena,Rebich,Affilated Consulting Group Inc,3713 Poway Rd,Sawtell,NSW,2,krebich@rebich.net.au,http://www.affilatedconsultinggroupinc.com.au
1544,Rupert,Hinkson,Northwestern Mutual Life Ins,1 E 17th St,East Gosford,NSW,2,rupert_hinkson@hinkson.net.au,http://www.northwesternmutuallifeins.com.au
1545,Aleta,Poarch,Barrett Burke Wilson Castl,5 Liberty Ave,Fosterville,VIC,3,apoarch@gmail.com,http://www.barrettburkewilsoncastl.com.au
1546,Jamal,Korczynski,Helricks Inc,404 Broxton Ave,Bateau Bay,NSW,2,jamal_korczynski@gmail.com,http://www.helricksinc.com.au
1547,Luz,Broccoli,Wynn, Mary Ellen Esq,4 S Main St #285,Glenmoral,QLD,7,luz_broccoli@hotmail.com,http://www.wynnmaryellenesq.com.au
1548,Janessa,Ruthers,Mackraft Signs,1255 W Passaic St #1553,Bolivia,NSW,2,janessa@yahoo.com,http://www.mackraftsigns.com.au
1549,Lavonne,Esco,Ansaring Answering Service,377 Excalibur Dr,East Melbourne,VIC,3,lavonne.esco@yahoo.com,http://www.ansaringansweringservice.com.au
1550,Honey,Lymaster,Joiner & Goudeau Law Offices,7 Wilshire Blvd,Taringa,QLD,7,honey_lymaster@lymaster.net.au,http://www.joinergoudeaulawoffices.com.au
1551,Jean,Cecchinato,Cox, J Thomas Jr,7 Hugh Wallis Rd,Koolan Island,WA,8,jean.cecchinato@gmail.com,http://www.coxjthomasjr.com.au
1552,Katlyn,Flitcroft,Bill, Michael M,7177 E 14th St,Maleny,QLD,7,kflitcroft@hotmail.com,http://www.billmichaelm.com.au
1553,Cassie,Soros,A B C Tank Co,67765 W 11th St,Yelverton,WA,8,csoros@gmail.com,http://www.abctankco.com.au
1554,Rolf,Gene,Jolley, Mark A Cpa,99968 Merced St #79,Flinders,NSW,2,rolf_gene@gene.com.au,http://www.jolleymarkacpa.com.au
1555,Darnell,Moothart,Melco Embroidery Systems,40 E 19th Ave,Empire Bay,NSW,2,darnell_moothart@yahoo.com,http://www.melcoembroiderysystems.com.au
1556,Cherilyn,Fraize,Witchs Brew,84826 Plaza Dr,Rose Bay North,NSW,2,cherilyn_fraize@fraize.net.au,http://www.witchsbrew.com.au
1557,Lynda,Lazzaro,Funding Equity Corp,20214 W Main St,Macks Creek,VIC,3,lynda.lazzaro@gmail.com,http://www.fundingequitycorp.com.au
1558,Leigha,Capelli,Saturn Of Delray,8039 Howard Ave,East Toowoomba,QLD,7,leigha.capelli@capelli.com.au,http://www.saturnofdelray.com.au
1559,Delfina,Binnie,Motel 6,8 Austin Bluffs Pky,Bimbijy,WA,8,delfina_binnie@binnie.net.au,http://www.motel.com.au
1560,Carlota,Gephardt,Ultimate In Womens Apparel The,96605 Pioneer Rd,Kundabung,NSW,2,carlota.gephardt@gephardt.com.au,http://www.ultimateinwomensapparelthe.com.au
1561,Alida,Helger,Ballinger, Maria Chan Esq,6 Hope Rd #10,Pinnacle,QLD,7,alida@helger.com.au,http://www.ballingermariachanesq.com.au
1562,Donte,Resureccion,N E Industrial Distr Inc,65898 E St Nw,Watsonville,QLD,7,donte.resureccion@yahoo.com,http://www.neindustrialdistrinc.com.au
1563,Lou,Kriner,Joondeph, Jerome J Esq,39 Broad St,Seaforth,NSW,2,lou.kriner@hotmail.com,http://www.joondephjeromejesq.com.au
1564,Dortha,Vrieze,Art In Forms,654 Seguine Ave,White Hills,TAS,3,dortha@vrieze.net.au,http://www.artinforms.com.au
1565,Genevive,Sanborn,Central Hudson Ent Corp,78 31st St,Bellangry,NSW,2,genevive@hotmail.com,http://www.centralhudsonentcorp.com.au
1566,Alease,Strawbridge,Marscher, William F Iii,35673 Annapolis Rd #190,Ascot,QLD,7,alease_strawbridge@strawbridge.com.au,http://www.marscherwilliamfiii.com.au
1567,Veda,Mishkin,Smith, Sean O Esq,98247 Russell Blvd,Stafford Heights,QLD,7,veda.mishkin@mishkin.com.au,http://www.smithseanoesq.com.au
1568,Craig,Vandersloot,Maverik Country Stores Inc,3 S Willow St #82,Bygalorie,NSW,2,craig_vandersloot@yahoo.com,http://www.maverikcountrystoresinc.com.au
1569,Lauran,Tovmasyan,United Christian Cmnty Crdt Un,199 Maple Ave,Boolaroo,NSW,2,ltovmasyan@tovmasyan.net.au,http://www.unitedchristiancmntycrdtun.com.au
1570,Aaron,Kloska,Radecker, H Philip Jr,423 S Navajo St #56,Brookhill,QLD,7,aaron_kloska@kloska.net.au,http://www.radeckerhphilipjr.com.au
1571,Francene,Skursky,Cullen, Jack J Esq,5 30w W #3083,Hillston,NSW,2,francene.skursky@skursky.net.au,http://www.cullenjackjesq.com.au
1572,Zena,Daria,Kszl Am Radio,57245 W Union Blvd #25,Ivanhoe East,VIC,3,zdaria@gmail.com,http://www.kszlamradio.com.au
1573,Brigette,Breckenstein,Blewett, Yvonne S,971 Northwest Blvd,Caniambo,VIC,3,brigette@breckenstein.com.au,http://www.blewettyvonnes.com.au
1574,Jeniffer,Jezek,Sheraton Inn Atlanta Northwest,1089 Pacific Coast Hwy,Myrniong,VIC,3,jeniffer@gmail.com,http://www.sheratoninnatlantanorthwest.com.au
1575,Selma,Elm,Preston, Anne M Esq,6787 Emerson St,Woolamai,VIC,3,selm@elm.net.au,http://www.prestonannemesq.com.au
1576,Elenora,Handler,A & A Custom Rubber Stamps,8 Middletown Blvd #708,Wardering,WA,8,ehandler@yahoo.com,http://www.aacustomrubberstamps.com.au
1577,Nadine,Okojie,Hirsch, Walter W Esq,56 Tank Farm Rd,Kukerin,WA,8,nadine.okojie@okojie.com.au,http://www.hirschwalterwesq.com.au
1578,Kristin,Shiflet,Jones, Peter B Esq,503 Fulford Ave,Somers,VIC,3,kristin@hotmail.com,http://www.jonespeterbesq.com.au
1579,Melinda,Fellhauer,Sterling Institute,8275 Calle De Industrias,Wayatinah,TAS,3,melinda_fellhauer@fellhauer.com.au,http://www.sterlinginstitute.com.au
1580,Kirby,Litherland,Cross Western Store,92 South St,Alligator Creek,QLD,7,kirby.litherland@hotmail.com,http://www.crosswesternstore.com.au
1581,Kent,Ivans,Demer Normann Smith Ltd,56710 Euclid Ave,Camp Mountain,QLD,7,kent_ivans@yahoo.com,http://www.demernormannsmithltd.com.au
1582,Dan,Platz,Ny Stat Trial Lawyers Assn,5210 E Airy St #2,Brandy Creek,QLD,7,dan_platz@hotmail.com,http://www.nystattriallawyersassn.com.au
1583,Millie,Pirkl,Mann, Charles E Esq,31 Schuyler Ave,Sovereign Hill,VIC,3,millie_pirkl@gmail.com,http://www.manncharleseesq.com.au
1584,Moira,Qadir,Airnetics Engineering Co,661 Plummer St #963,Arno Bay,SA,8,moira.qadir@gmail.com,http://www.airneticsengineeringco.com.au
1585,Reta,Qazi,American Pie Co Inc,1351 Simpson St,Maffra,VIC,3,reta.qazi@yahoo.com,http://www.americanpiecoinc.com.au
1586,Brittney,Lolley,Brown Chiropractic,2391 Pacific Blvd,Ulverstone,TAS,3,brittney@lolley.net.au,http://www.brownchiropractic.com.au
1587,Leandro,Bolka,Classic Video Duplication Inc,1886 2nd Ave,Wattle Hill,TAS,3,leandro_bolka@hotmail.com,http://www.classicvideoduplicationinc.com.au
1588,Edison,Sumera,Mcclier Corp,52404 S Clinton Ave,Bower,SA,8,edison.sumera@sumera.net.au,http://www.mccliercorp.com.au
1589,Breana,Cassi,Gormley Lore Murphy,405 W Lee St,Stonehaven,VIC,3,breana@yahoo.com,http://www.gormleyloremurphy.com.au
1590,Jarvis,Nicols,Thudium Mail Advg Company,5656 N Fiesta Blvd,East Newdegate,WA,8,jarvis@gmail.com,http://www.thudiummailadvgcompany.com.au
1591,Felicitas,Orlinski,Jen E Distributing Co,9 Beverly Rd #5,Emerald,VIC,3,felicitas_orlinski@orlinski.com.au,http://www.jenedistributingco.com.au
1592,Geraldine,Neisius,Re/max Realty Services,96 Armitage Ave,Katunga,VIC,3,geraldine@gmail.com,http://www.remaxrealtyservices.com.au
1593,Alfred,Pacleb,Roundys Pole Fence Co,523 N Prince St,Willunga,SA,8,alfred@pacleb.net.au,http://www.roundyspolefenceco.com.au
1594,Leatha,Block,Chadds Ford Winery,6926 Orange Ave,Two Rocks,WA,8,leatha_block@gmail.com,http://www.chaddsfordwinery.com.au
1595,Jacquelyne,Rosso,Barragar, Anne L Esq,6940 Prospect Pl,Caldwell,NSW,2,jacquelyne.rosso@yahoo.com,http://www.barragarannelesq.com.au
1596,Jonelle,Epps,Kvoo Radio,52347 San Fernando Rd,Coppabella,QLD,7,jepps@hotmail.com,http://www.kvooradio.com.au
1597,Rosamond,Amlin,Donovan, William P Esq,5399 Mcwhorter Rd,Calala,NSW,2,rosamond.amlin@gmail.com,http://www.donovanwilliampesq.com.au
1598,Johnson,Mcenery,Overseas General Business Co,7 Hall St,Nambucca Heads,NSW,2,johnson@gmail.com,http://www.overseasgeneralbusinessco.com.au
1599,Elliot,Scatton,Nilad Machining,5 W Allen St,Mccullys Gap,NSW,2,elliot.scatton@hotmail.com,http://www.niladmachining.com.au
1600,Gerri,Perra,Byrne, Beth Hobbs,15126 Goldenwest St,Toowoomba South,QLD,7,gerri@yahoo.com,http://www.byrnebethhobbs.com.au
1601,Rosendo,Jelsma,Dileo, Lucille A Esq,94 I 55s S,Applecross,WA,8,rosendo_jelsma@hotmail.com,http://www.dileolucilleaesq.com.au
1602,Eveline,Brickhouse,First Express,288 N 168th Ave #266,Camberwell West,VIC,3,eveline@yahoo.com,http://www.firstexpress.com.au
1603,Laurene,Bennett,Elbin Internatl Baskets,5 Richmond Ct,North Perth,WA,8,laurene_bennett@gmail.com,http://www.elbininternatlbaskets.com.au
1604,Tegan,Ebershoff,Multiform Business Printing,28 Aaronwood Ave Ne,Coombell,NSW,2,tegan_ebershoff@hotmail.com,http://www.multiformbusinessprinting.com.au
1605,Tracie,Huro,Jin Shin Travel Agency,39701 6th Ave #1485,Pacific Heights,QLD,7,thuro@gmail.com,http://www.jinshintravelagency.com.au
1606,Mertie,Kazeck,Electra Gear Divsn Regal,35662 S University Blvd,Guildford,WA,8,mertie.kazeck@kazeck.com.au,http://www.electrageardivsnregal.com.au
1607,Clare,Bortignon,Sparta Home Center,73 Dennison St #70,Herron,WA,8,clare_bortignon@hotmail.com,http://www.spartahomecenter.com.au
1608,Rebeca,Baley,R A C E Enterprises Inc,9591 Bayshore Rd #637,Mirrool,NSW,2,rebeca_baley@hotmail.com,http://www.raceenterprisesinc.com.au
1609,Nilsa,Pawell,Jersey Wholesale Fence Co Inc,57 N Weinbach Ave,Bundaberg West,QLD,7,npawell@pawell.net.au,http://www.jerseywholesalefencecoinc.com.au
1610,Samuel,Arellanes,Ryan, Barry M Esq,286 Santa Rosa Ave,Lane Cove,NSW,2,samuel.arellanes@arellanes.net.au,http://www.ryanbarrymesq.com.au
1611,Ivette,Servantes,Albright, Alexandra W Esq,446 Woodward Ave #1,Reservoir,VIC,3,ivette_servantes@servantes.com.au,http://www.albrightalexandrawesq.com.au
1612,Merrilee,Fajen,Gazette Record,1 Jenks Ave,Upper Kedron,QLD,7,merrilee@fajen.net.au,http://www.gazetterecord.com.au
1613,Gianna,Eilers,Cochnower Pest Control,7 Valley Blvd,Buchan,VIC,3,gianna@yahoo.com,http://www.cochnowerpestcontrol.com.au
1614,Hyman,Phinazee,Als Village Stationers,42741 Anania Dr,Beltana,SA,8,hphinazee@yahoo.com,http://www.alsvillagestationers.com.au
1615,Buck,Pascucci,A B C Pattern & Foundry Co,5 Shakespeare Ave,Kingswood,SA,8,buck@yahoo.com,http://www.abcpatternfoundryco.com.au
1616,Kenny,Leicht,Gaddis Court Reporting,245 5th Ave,Nicholls Rivulet,TAS,3,kenny@leicht.com.au,http://www.gaddiscourtreporting.com.au
1617,Tabetha,Bai,Howard Johnson,2 Gateway Ctr,Upper Mount Gravatt,QLD,7,tabetha.bai@gmail.com,http://www.howardjohnson.com.au
1618,Alonso,Popper,Sunrise Cirby Animal Hospital,3175 Northwestern Hwy,Ridgley,TAS,3,alonso_popper@hotmail.com,http://www.sunrisecirbyanimalhospital.com.au
1619,Alonzo,Polek,Braid Electric Co,8 S Plaza Dr,Tubbut,VIC,3,alonzo_polek@polek.net.au,http://www.braidelectricco.com.au
1620,Son,Magnotta,Lisko, Roy K Esq,8 Collins Ave,Collingullie,NSW,2,son.magnotta@magnotta.net.au,http://www.liskoroykesq.com.au
1621,Jesusita,Druck,House Of Ing,9526 Lincoln St,Munno Para,SA,8,jesusita@druck.net.au,http://www.houseofing.com.au
1622,Annice,Kunich,Hassanein, Nesa E Esq,406 E 4th St,Tyagarah,NSW,2,annice_kunich@kunich.net.au,http://www.hassaneinnesaeesq.com.au
1623,Delila,Buchman,Frasier Karen L Kolligs,361 Via Colinas,Redgate,WA,8,delila.buchman@hotmail.com,http://www.frasierkarenlkolligs.com.au
1624,Iraida,Sionesini,Arc Of Montgomery County Inc,94 S Jefferson Rd,Modewarre,VIC,3,iraida.sionesini@yahoo.com,http://www.arcofmontgomerycountyinc.com.au
1625,Alona,Driesenga,Redington, Thomas P Esq,8961 S Central Expy,Stirling Range National Park,WA,8,alona_driesenga@hotmail.com,http://www.redingtonthomaspesq.com.au
1626,Lajuana,Vonderahe,Milwaukee Courier Inc,7 Wiley Post Way,Trowutta,TAS,3,lajuana.vonderahe@yahoo.com,http://www.milwaukeecourierinc.com.au
1627,Madelyn,Maestri,Mervis Steel Co,60 S 4th St,Rouse Hill,NSW,2,madelyn.maestri@yahoo.com,http://www.mervissteelco.com.au
1628,Louann,Susmilch,M Sorkin Sanford Associates,6 Lafayette St #3034,Wyandra,QLD,7,louann_susmilch@yahoo.com,http://www.msorkinsanfordassociates.com.au
1629,William,Devol,Low Country Kitchen & Bath,35 Jefferson Ave,Goondi Hill,QLD,7,wdevol@devol.net.au,http://www.lowcountrykitchenbath.com.au
1630,Corazon,Grafenstein,Spieker Properties,3492 88th St,Hill River,WA,8,cgrafenstein@gmail.com,http://www.spiekerproperties.com.au
1631,Fairy,Burket,Walker & Brehn Pa,20 Sw 28th Ter,Fairview Park,SA,8,fairy_burket@burket.com.au,http://www.walkerbrehnpa.com.au
1632,Lashawn,Urion,U Stor,6 Argyle Rd,Bar Beach,NSW,2,lurion@yahoo.com,http://www.ustor.com.au
1633,Ronald,Gayner,Moorhead, Michael D Esq,438 E Reynolds Rd #239,University Of Tasmania,TAS,3,rgayner@hotmail.com,http://www.moorheadmichaeldesq.com.au
1634,Shizue,Hayduk,R M Sloan Co Inc,47 Hall St,Regent West,VIC,3,shayduk@gmail.com,http://www.rmsloancoinc.com.au
1635,Nida,Fitz,Star Limousine,17720 Beach Blvd,Oxley,QLD,7,nfitz@hotmail.com,http://www.starlimousine.com.au
1636,Amos,Limberg,Pioneer Telephone Paging,8 2nd St,Don,TAS,3,alimberg@limberg.com.au,http://www.pioneertelephonepaging.com.au
1637,Dexter,Prosienski,Communication Buildings Amer,490 Court St,Nyora,VIC,3,dexter@prosienski.net.au,http://www.communicationbuildingsamer.com.au
1638,Ludivina,Calamarino,Components & Equipment Co,1456 Hill Rd,Croydon,QLD,7,lcalamarino@yahoo.com,http://www.componentsequipmentco.com.au
1639,Ariel,Stavely,Grand Rapids Right To Life,6 7th St,Scottsdale,TAS,3,ariel_stavely@stavely.com.au,http://www.grandrapidsrighttolife.com.au
1640,Haley,Vaughn,Martin Nighswander & Mitchell,29 Nottingham Way #926,Montrose,VIC,3,haley_vaughn@vaughn.net.au,http://www.martinnighswandermitchell.com.au
1641,Raelene,Legeyt,Barter Systems Inc,8818 Century Park E #33,Oak Park,VIC,3,raelene@gmail.com,http://www.bartersystemsinc.com.au
1642,Micaela,Shiflett,W R Grace & Co,4 Commerce Center Dr,Nailsworth,SA,8,micaela_shiflett@shiflett.com.au,http://www.wrgraceco.com.au
1643,Alpha,Prudhomme,Davis, J Mark Esq,979 S La Cienega Blvd #627,Tarong,QLD,7,aprudhomme@hotmail.com,http://www.davisjmarkesq.com.au
1644,Zack,Warman,Roswell Honda Partners,9181 E 26th St,Kensington Park,SA,8,zwarman@gmail.com,http://www.roswellhondapartners.com.au
1645,Wilford,Pata,Era Mclachlan John Morgan Real,8855 North Ave,Ashmore,QLD,7,wilford_pata@pata.net.au,http://www.eramclachlanjohnmorganreal.com.au
1646,Carman,Robasciotti,Vaughan, James J Esq,4 Spinning Wheel Ln,Granya,VIC,3,carman_robasciotti@hotmail.com,http://www.vaughanjamesjesq.com.au
1647,Carylon,Bayot,Wzyx 1440 Am,5905 S 32nd St,Alexandra,VIC,3,carylon@gmail.com,http://www.wzyxam.com.au
1648,Gladys,Schmale,Amercn Spdy Printg Ctrs Ocala,514 Glenn Way,Wirrulla,SA,8,gschmale@schmale.net.au,http://www.amercnspdyprintgctrsocala.com.au
1649,Matilda,Peleg,A & D Pallet Co,708 S Wilson Way,Weymouth,TAS,3,matilda.peleg@hotmail.com,http://www.adpalletco.com.au
1650,Jacklyn,Wojnar,Nationwide Insurance,16949 Harristown Rd,Summer Hill,NSW,2,jacklyn@hotmail.com,http://www.nationwideinsurance.com.au
1651,Tashia,Charney,Gallagher, Owen Esq,9 13th Ave S,Shailer Park,QLD,7,tashia.charney@charney.net.au,http://www.gallagherowenesq.com.au
1652,Dorian,Eischens,Thomas Somerville Co,1 Rock Island Rd #8,Bell,NSW,2,deischens@gmail.com,http://www.thomassomervilleco.com.au
1653,Jesus,Merkt,Unr Rohn,1554 Bracken Crk,Licola,VIC,3,jesus_merkt@merkt.net.au,http://www.unrrohn.com.au
1654,Brandee,Svoboda,Cath Lea For Relig & Cvl Rgts,7 10th St W,Walyormouring,WA,8,brandee_svoboda@svoboda.net.au,http://www.cathleaforreligcvlrgts.com.au
1655,Edda,Mcquaide,Eagles Nest,9 Cron Hill Dr,Boronia,VIC,3,emcquaide@yahoo.com,http://www.eaglesnest.com.au
1656,Felix,Bumby,Epsilon Products Company,82 Tremont St #4,Baddaginnie,VIC,3,felix.bumby@bumby.com.au,http://www.epsilonproductscompany.com.au
1657,Ben,Kellman,Anderson, Julie A Esq,30024 Whipple Ave Nw,Berrilee,NSW,2,ben_kellman@kellman.net.au,http://www.andersonjulieaesq.com.au
1658,Mickie,Upton,Oakey & Oakey Abstrct Burnett,900 W Wood St,Barmaryee,QLD,7,mickie.upton@yahoo.com,http://www.oakeyoakeyabstrctburnett.com.au
1659,Phung,Krome,Pacific Scientific Co,847 Norristown Rd,Longford,TAS,3,pkrome@yahoo.com,http://www.pacificscientificco.com.au
1660,Lashonda,Langanke,Krausert, Diane D Esq,667 S Highland Dr #4,Simson,VIC,3,lashonda@langanke.net.au,http://www.krausertdianedesq.com.au
1661,Patria,Popa,Blaney Sheet Metal,21 W 2nd St,Killabakh,NSW,2,patria.popa@gmail.com,http://www.blaneysheetmetal.com.au
1662,Nidia,Horr,Goodknight, David R,2 W Henrietta Rd #6,Paluma,QLD,7,nidia@gmail.com,http://www.goodknightdavidr.com.au
1663,Skye,Culcasi,Sullivan & Associates Ltd,82655 Shawnee Mission Pky #5798,Barnawartha,VIC,3,skye_culcasi@hotmail.com,http://www.sullivanassociatesltd.com.au
1664,Kanisha,Reyelts,American Board Of Surgery,9 Taylor Ave,Holwell,TAS,3,kreyelts@yahoo.com,http://www.americanboardofsurgery.com.au
1665,Hector,Barras,Vernon Manor Hotel,62 J St #450,Combienbar,VIC,3,hector.barras@barras.com.au,http://www.vernonmanorhotel.com.au
1666,Stefan,Mongolo,Keith Altizer & Company Pa,2 Pennington St,Port Adelaide,SA,8,stefan_mongolo@mongolo.net.au,http://www.keithaltizercompanypa.com.au
1667,Francoise,Byon,H P Stran & Co,5496 Ne Columbia Blvd,Klemzig,SA,8,francoise@hotmail.com,http://www.hpstranco.com.au
1668,Lindy,Vandermeer,Southern National Bank S Car,4244 Lucas Creek Rd,Emu Park,QLD,7,lindy@vandermeer.com.au,http://www.southernnationalbankscar.com.au
1669,Arthur,Diniz,American Western Mortgage,79819 Palmetto Ave,Travancore,VIC,3,arthur@gmail.com,http://www.americanwesternmortgage.com.au
1670,Nicholle,Hulme,Oxner Vallerie,7 N Glenn Rd,Whetstone,QLD,7,nicholle_hulme@hulme.com.au,http://www.oxnervallerie.com.au
1671,Tijuana,Mesch,Rochelle Cold Storage,61 Center St #8,Corella,QLD,7,tijuana_mesch@gmail.com,http://www.rochellecoldstorage.com.au
1672,Lorenza,Schoenleber,Mail Boxes Etc,562 Nw Cornell Rd,Humpty Doo,NT,8,lorenza.schoenleber@schoenleber.com.au,http://www.mailboxesetc.com.au
1673,Iola,Baird,Xandex Inc,48 General George Patton Dr #8611,Goode Beach,WA,8,ibaird@baird.net.au,http://www.xandexinc.com.au
1674,Sang,Weigner,Hander, Deborah G Esq,9 W Passaic St,Heidelberg Rgh,VIC,3,sweigner@gmail.com,http://www.handerdeborahgesq.com.au
1675,Leonor,Prez,Vinco Furniture Inc,968 Delaware Ave,Waterloo,NSW,2,lprez@prez.com.au,http://www.vincofurnitureinc.com.au
1676,Silvana,Whelpley,Stamp House,548 Charmonie Ln,Minyip,VIC,3,swhelpley@yahoo.com,http://www.stamphouse.com.au
1677,Anthony,Stever,Burton & Davis,91114 Grand Ave,Hunchy,QLD,7,anthony.stever@hotmail.com,http://www.burtondavis.com.au
1678,Wenona,Carmel,Maier, Kristine M,44 Bush St,Grosvenor Place,NSW,2,wenona@gmail.com,http://www.maierkristinem.com.au
1679,Isadora,Yurick,J M Edmunds Co Inc,6 Mahler Rd,Pacific Paradise,QLD,7,iyurick@hotmail.com,http://www.jmedmundscoinc.com.au
1680,Mose,Vonseggern,Art Concepts,1 E Main St,Hungerford,QLD,7,mose_vonseggern@hotmail.com,http://www.artconcepts.com.au
1681,Marci,Aveline,Richards, Don R Esq,58 State St #998,Boya,WA,8,marci.aveline@hotmail.com,http://www.richardsdonresq.com.au
1682,Michel,Hoyne,B & B Environmental Inc,11408 Green St,Elizabeth West,SA,8,michel@hoyne.com.au,http://www.bbenvironmentalinc.com.au
1683,Stephania,Connon,Printing Delite,297 8th Ave S #9,Gumly Gumly,NSW,2,stephania.connon@connon.com.au,http://www.printingdelite.com.au
1684,Charolette,Turk,Weil Mclain Co,1 Wyckoff Ave,Wilmington,SA,8,cturk@yahoo.com,http://www.weilmclainco.com.au
1685,Katie,Magro,Jones, Andrew D Esq,8 E North Ave,Pagewood,NSW,2,katie_magro@gmail.com,http://www.jonesandrewdesq.com.au
1686,Inocencia,Angeron,South Adams Savings Bank,13386 Tamarco Dr #20,Tawonga,VIC,3,inocencia.angeron@angeron.net.au,http://www.southadamssavingsbank.com.au
1687,Nikita,Novosel,Universal Granite & Marble Inc,70 W Market St #20,Hamlyn Heights,VIC,3,nikita_novosel@novosel.net.au,http://www.universalgranitemarbleinc.com.au
1688,Malcolm,Gohlke,Imagelink,53247 Montgomery St #36,Southtown,QLD,7,malcolm@yahoo.com,http://www.imagelink.com.au
1689,Desiree,Englund,Wrrr Fm,9495 Central Hwy #66,East Bowes,WA,8,denglund@gmail.com,http://www.wrrrfm.com.au
1690,Holley,Worland,Lord Aeck & Sargent Architects,2 Route 9,Blue Haven,NSW,2,holley.worland@hotmail.com,http://www.lordaecksargentarchitects.com.au
1691,Maryann,Tates,Dalbec Agency Inc,75700 Academy Rd,Cramphorne,WA,8,mtates@yahoo.com,http://www.dalbecagencyinc.com.au
1692,Ling,Dibello,Reese Press Inc,6 Monte Ave,Beelbi Creek,QLD,7,ling_dibello@yahoo.com,http://www.reesepressinc.com.au
1693,Hailey,Kopet,Stokes, Fred J Esq,5 France Ave S,Tanbar,QLD,7,hailey_kopet@kopet.com.au,http://www.stokesfredjesq.com.au
1694,Farrah,Malboeuf,Slachter, David Esq,803 Tupper Ln,Ringwood,VIC,3,farrah@malboeuf.com.au,http://www.slachterdavidesq.com.au
1695,Candra,Deritis,Girling Health Care Inc,43 Nolan St,Battery Point,TAS,3,candra@deritis.net.au,http://www.girlinghealthcareinc.com.au
1696,Reuben,Hegland,Welders Supply Service Inc,6 W 39th St,Milton,NSW,2,reuben@yahoo.com,http://www.welderssupplyserviceinc.com.au
1697,Anglea,Andrion,Engelbrecht, William H Esq,910 21st St,Laura,QLD,7,anglea.andrion@andrion.com.au,http://www.engelbrechtwilliamhesq.com.au
1698,Paris,Tuccio,Nancy Brandon Realtor,2677 S Jackson St,Kidman Park,SA,8,paris.tuccio@hotmail.com,http://www.nancybrandonrealtor.com.au
1699,Latricia,Schmoyer,Flanagan Lieberman Hoffman,6 Central Ave #4,Woodville,SA,8,latricia_schmoyer@hotmail.com,http://www.flanaganliebermanhoffman.com.au
1700,Jeffrey,Leuenberger,Walter W Lawrence Ink,564 Almeria Ave #7474,Pedler Creek,SA,8,jleuenberger@yahoo.com,http://www.walterwlawrenceink.com.au
1701,Dean,Vollstedt,Ship It Packaging Inc,4 Grand St,Muckleford South,VIC,3,dvollstedt@vollstedt.com.au,http://www.shipitpackaginginc.com.au
1702,Deane,Haag,Malsbary Mfg Co,9 Hamilton Blvd #299,Sydney South,NSW,2,dhaag@hotmail.com,http://www.malsbarymfgco.com.au
1703,Edelmira,Pedregon,Independence Marine Corp,50638 Northwest Blvd,Bandy Creek,WA,8,edelmira_pedregon@hotmail.com,http://www.independencemarinecorp.com.au
1704,Andrew,Keks,Anthonys,51 Bridge Ave,Carwarp,VIC,3,andrew@gmail.com,http://www.anthonys.com.au
1705,Miesha,Decelles,L M H Inc,457 St Sebastian Way #189,Eltham,VIC,3,mdecelles@decelles.net.au,http://www.lmhinc.com.au
1706,Javier,Osmer,Milgo Industrial Inc,6 Ackerman Rd,Doncaster East,VIC,3,javier@osmer.com.au,http://www.milgoindustrialinc.com.au
1707,Kizzy,Stangle,Rogers, Clay M Esq,8 W Lake St #1,Welbungin,WA,8,kizzy.stangle@yahoo.com,http://www.rogersclaymesq.com.au
1708,Sharan,Wodicka,Usa Asbestos Co,8454 6  17 M At Bradleys,Shenton Park,WA,8,sharan@wodicka.net.au,http://www.usaasbestosco.com.au
1709,Novella,Fritch,Voils, Otis V,5 Ellestad Dr,Girraween,NSW,2,nfritch@fritch.com.au,http://www.voilsotisv.com.au
1710,German,Dones,Oaz Communications,9 N Nevada Ave,Woronora,NSW,2,german@gmail.com,http://www.oazcommunications.com.au
1711,Robt,Blanck,Elan Techlgy A Divsn Mansol,790 E Wisconsin Ave,Woodbury,TAS,3,robt.blanck@yahoo.com,http://www.elantechlgyadivsnmansol.com.au
1712,Rossana,Biler,Norfolk County Newton Lung,60481 N Clark St,Lee Point,NT,8,rossana.biler@biler.net.au,http://www.norfolkcountynewtonlung.com.au
1713,Henriette,Gish,Parker Bush & Lane Pc,43 E Main St,Baranduda,VIC,3,henriette.gish@gish.net.au,http://www.parkerbushlanepc.com.au
1714,Buffy,Stitely,Stylecraft Corporation,5 Madison St #4651,Police Point,TAS,3,buffy_stitely@stitely.com.au,http://www.stylecraftcorporation.com.au
1715,Christiane,Osmanski,Bennett, Matthew T Esq,85 Nw Frontage Rd,Williamstown,WA,8,christiane@gmail.com,http://www.bennettmatthewtesq.com.au
1716,Annamae,Lothridge,Highland Meadows Golf Club,584 Meridian St #997,Civic Square,ACT,2,alothridge@hotmail.com,http://www.highlandmeadowsgolfclub.com.au
1717,Vanesa,Glockner,Nelson, Michael J Esq,28220 Park Avenue W,Taragoola,QLD,7,vanesa@glockner.com.au,http://www.nelsonmichaeljesq.com.au
1718,Gennie,Pastorino,Henry, Robert J Esq,5 Austin Ave,Charleston,SA,8,gennie.pastorino@gmail.com,http://www.henryrobertjesq.com.au
1719,Tamra,Kenfield,Mackraft Signs,481 925n N #959,Kealy,WA,8,tkenfield@kenfield.com.au,http://www.mackraftsigns.com.au
1720,Tien,Kinney,Orco State Empl Fed Crdt Un,9 9th St #4,Lillimur,VIC,3,tien_kinney@kinney.com.au,http://www.orcostateemplfedcrdtun.com.au
1721,Malcom,Leja,Johnsen, Robert U Esq,56232 Hohman Ave,Officer,VIC,3,malcom@leja.com.au,http://www.johnsenrobertuesq.com.au
1722,Claudia,Gawrych,Abe Goldstein Ofc Furn,3 Wall St #26,Lilli Pilli,NSW,2,claudia@gmail.com,http://www.abegoldsteinofcfurn.com.au
1723,Page,Entzi,Roland Ashcroft,63154 Artesia Blvd,Blue Rocks,TAS,3,page@entzi.net.au,http://www.rolandashcroft.com.au
1724,Lorita,Roches,Village Meadows,32 E Poythress St,Westminster,WA,8,lorita_roches@roches.net.au,http://www.villagemeadows.com.au
1725,Annita,Lek,Busada Manufacturing Corp,86274 Howell Mill Rd Nw,Karama,NT,8,annita.lek@lek.net.au,http://www.busadamanufacturingcorp.com.au
1726,Eliseo,Mikovec,Air Flow Co Inc,25488 Brickell Ave,Ocean Shores,NSW,2,emikovec@mikovec.com.au,http://www.airflowcoinc.com.au
1727,Tyisha,Layland,Freitag Pc,270 5th Ave,Eastwood,SA,8,tyisha@yahoo.com,http://www.freitagpc.com.au
1728,Colene,Tolbent,Saw Repair & Supply Co,891 Union Pacific Ave #8463,Gloucester,NSW,2,colene.tolbent@tolbent.net.au,http://www.sawrepairsupplyco.com.au
1729,Francis,Senters,Middendorf Meat Quality Foods,4562 Aurora Ave N,Heidelberg Rgh,VIC,3,fsenters@gmail.com,http://www.middendorfmeatqualityfoods.com.au
1730,Hester,Dollins,Eagle Plywood & Door Mfrs Inc,4864 N 168th Ave,The Risk,NSW,2,hester_dollins@gmail.com,http://www.eagleplywooddoormfrsinc.com.au
1731,Susana,Baumgarter,Leigh, Lewis R Esq,7 Elm Ave,Yanco,NSW,2,susana.baumgarter@yahoo.com,http://www.leighlewisresq.com.au
1732,Dahlia,Tummons,Bare Bones,6508 Adams St #32,Port Fairy,VIC,3,dahlia.tummons@gmail.com,http://www.barebones.com.au
1733,Osvaldo,Falvey,Avila, Edward G Esq,6434 Westchester Ave #28,Queenton,QLD,7,osvaldo.falvey@yahoo.com,http://www.avilaedwardgesq.com.au
1734,Armando,Barkley,Oregon Handling Equip Co,70680 S Rider Trl,Watercarrin,WA,8,armando.barkley@yahoo.com,http://www.oregonhandlingequipco.com.au
1735,Torie,Deras,Reynolds, Stephen R Esq,700 Factory Ave #5649,Yeppoon,QLD,7,torie_deras@yahoo.com,http://www.reynoldsstephenresq.com.au
1736,Tamie,Hollimon,Credit Union Of The Rockies,3 Cherokee St,Bobalong,WA,8,tamie@hollimon.com.au,http://www.creditunionoftherockies.com.au
1737,Lettie,Hessenthaler,Sullivan, John M Esq,76542 W Bijou St,Wurdiboluc,VIC,3,lettie_hessenthaler@hessenthaler.net.au,http://www.sullivanjohnmesq.com.au
1738,Chaya,Muhlbauer,Henry D Lederman,44009 W 63rd #269,North Dandalup,WA,8,chaya_muhlbauer@muhlbauer.net.au,http://www.henrydlederman.com.au
1739,Terina,Wildeboer,Burress, S Paige Esq,462 Morris Ave,Seddon,VIC,3,terina_wildeboer@wildeboer.com.au,http://www.burressspaigeesq.com.au
1740,Lisbeth,Agney,Dynetics,1 El Camino Real #603,Hindmarsh,WA,8,lisbeth.agney@agney.net.au,http://www.dynetics.com.au
1741,Lillian,Dominique,West Pac Environmental Inc,92417 Arbuckle Ct,Julia Creek,QLD,7,lillian@hotmail.com,http://www.westpacenvironmentalinc.com.au
1742,Corrina,Lindblom,Progressive Machine Co,1 Westpark Dr,Salter Point,WA,8,clindblom@gmail.com,http://www.progressivemachineco.com.au
1743,Dylan,Chaleun,Berhanu International Foods,5 Montana Ave,Lilydale,QLD,7,dylan_chaleun@hotmail.com,http://www.berhanuinternationalfoods.com.au
1744,Jerrod,Luening,Mcmillan, Regina E Esq,6629 Main St,Tea Gardens,NSW,2,jerrod_luening@luening.com.au,http://www.mcmillanreginaeesq.com.au
1745,Gracie,Vicente,Central Nebraska Home Care,4 W 18th St,Oxley,VIC,3,gracie.vicente@hotmail.com,http://www.centralnebraskahomecare.com.au
1746,Barabara,Amedro,Unicircuit Inc,95412 16th St #6,Yallah,NSW,2,barabara@amedro.net.au,http://www.unicircuitinc.com.au
1747,Delsie,Ducos,F H Overseas Export Inc,17 Kamehameha Hwy,Cavendish,VIC,3,dducos@hotmail.com,http://www.fhoverseasexportinc.com.au
1748,Cassie,Digregorio,Musgrave, R Todd Esq,8650 S Valley View Bld #6941,Condobolin,NSW,2,cdigregorio@digregorio.net.au,http://www.musgravertoddesq.com.au
1749,Tamekia,Kajder,Santek Inc,16 Talmadge Rd,West Tamworth,NSW,2,tamekia_kajder@yahoo.com,http://www.santekinc.com.au
1750,Johanna,Saffer,Springer Industrial Equip Inc,750 Lancaster Ave,Campsie,NSW,2,johanna@yahoo.com,http://www.springerindustrialequipinc.com.au
1751,Sharita,Kruk,Long, Robert B Jr,8808 Northern Blvd,Merrylands,NSW,2,sharita_kruk@gmail.com,http://www.longrobertbjr.com.au
1752,Gerald,Chrusciel,Prusax, Maximilian M Esq,76596 Pleasant Hill Rd,Townsville Milpo,QLD,7,gerald@chrusciel.net.au,http://www.prusaxmaximilianmesq.com.au
1753,Ardella,Dieterich,Custom Jig Grinding,94 Delta Fair Blvd #2702,Runnymede,QLD,7,ardella.dieterich@yahoo.com,http://www.customjiggrinding.com.au
1754,Jackie,Kellebrew,Senior Village Nursing Home,25 Sw End Blvd #609,Coominya,QLD,7,jackie.kellebrew@kellebrew.com.au,http://www.seniorvillagenursinghome.com.au
1755,Mabelle,Ramero,Mchale, Joseph G Esq,15258 W Charleston Blvd,Aroona,QLD,7,mabelle.ramero@ramero.net.au,http://www.mchalejosephgesq.com.au
1756,Jonell,Biasi,Pestmaster Services Inc,75 Ryan Dr #70,Duramana,NSW,2,jbiasi@biasi.net.au,http://www.pestmasterservicesinc.com.au
1757,Linwood,Wessner,Moorhead Associates Inc,9634 South St,Saltwater River,TAS,3,linwood.wessner@hotmail.com,http://www.moorheadassociatesinc.com.au
1758,Samira,Heninger,Alb Inc,40490 Morrow St,Bluff,QLD,7,sheninger@yahoo.com,http://www.albinc.com.au
1759,Julieta,Cropsey,Atrium Marketing Inc,9 Commerce Cir,Kingaroy,QLD,7,julieta@yahoo.com,http://www.atriummarketinginc.com.au
1760,Serita,Barthlow,Machine Design Service Inc,190 34th St #8,Nangetty,WA,8,serita_barthlow@gmail.com,http://www.machinedesignserviceinc.com.au
1761,Tori,Tepley,Mcwhirter Realty Corp,1036 Malone Rd,Uarbry,NSW,2,tori@tepley.net.au,http://www.mcwhirterrealtycorp.com.au
1762,Nancey,Whal,National Mortgage Co,398 Fort Campbell Blvd #923,Cudgera Creek,NSW,2,nancey@whal.net.au,http://www.nationalmortgageco.com.au
1763,Wilbert,Beckes,Alvis, John W Esq,2799 Cajon Blvd,East Nanango,QLD,7,wilbert@hotmail.com,http://www.alvisjohnwesq.com.au
1764,Werner,Hermens,Community Health Law Project,302 N 10th St #3896,Oakleigh South,VIC,3,whermens@hermens.net.au,http://www.communityhealthlawproject.com.au
1765,Sunny,Catton,Highway Rentals Inc,79346 Firestone Blvd,Gununa,QLD,7,scatton@catton.com.au,http://www.highwayrentalsinc.com.au
1766,Keva,Moehring,Rapid Reproductions Printing,37564 Grace Ln,Salamander Bay,NSW,2,keva.moehring@moehring.net.au,http://www.rapidreproductionsprinting.com.au
1767,Mary,Dingler,Autocrat Inc,470 W Irving Park Rd,Bundaberg North,QLD,7,mary.dingler@gmail.com,http://www.autocratinc.com.au
1768,Huey,Bukovac,Venino And Venino,6 Jefferson St,Middleton,SA,8,huey.bukovac@hotmail.com,http://www.veninoandvenino.com.au
1769,Antonio,Eighmy,Corporex Companies Inc,1758 Park Pl,Eaglemont,VIC,3,antonio.eighmy@yahoo.com,http://www.corporexcompaniesinc.com.au
1770,Quinn,Weissbrodt,Economy Stainless Supl Co Inc,7659 Market St,Premer,NSW,2,qweissbrodt@weissbrodt.com.au,http://www.economystainlesssuplcoinc.com.au
1771,Carin,Georgiades,Dgstv Diseases Cnslnts,95830 Webster Dr,Trott Park,SA,8,cgeorgiades@gmail.com,http://www.dgstvdiseasescnslnts.com.au
1772,Jill,Davoren,Broaches Inc,26 Old William Penn Hwy,Boynewood,QLD,7,jill_davoren@davoren.net.au,http://www.broachesinc.com.au
1773,Sanjuana,Goodness,Woods Manufactured Housing,343 E Main St,Maraylya,NSW,2,sgoodness@goodness.net.au,http://www.woodsmanufacturedhousing.com.au
1774,Elin,Koerner,Theos Software Corp,8 Cabot Rd,Wayville,SA,8,elin_koerner@koerner.com.au,http://www.theossoftwarecorp.com.au
1775,Charlena,Decamp,Stanco Metal Products Inc,8 Allied Dr,Burnside,WA,8,charlena@gmail.com,http://www.stancometalproductsinc.com.au
1776,Annette,Breyer,Xyvision Inc,26921 Vassar St,Daradgee,QLD,7,abreyer@hotmail.com,http://www.xyvisioninc.com.au
1777,Alexis,Morguson,Carrera Casting Corp,9 Old York Rd #418,Weetulta,SA,8,amorguson@morguson.com.au,http://www.carreracastingcorp.com.au
1778,Princess,Saffo,Asian Jewelry,12398 Duluth St,Auburn,NSW,2,princess_saffo@hotmail.com,http://www.asianjewelry.com.au
1779,Ashton,Sutherburg,Southwark Corporation,960 S Arroyo Pkwy,South Hobart,TAS,3,asutherburg@gmail.com,http://www.southwarkcorporation.com.au
1780,Elmer,Redlon,Kdhl Am Radio,53 Euclid Ave,Forbes,NSW,2,elmer@hotmail.com,http://www.kdhlamradio.com.au
1781,Aliza,Akiyama,Kelly, Charles G Esq,700 Wilmson Rd,Forest Reefs,NSW,2,aliza@yahoo.com,http://www.kellycharlesgesq.com.au
1782,Ora,Handrick,Fennessey Buick Inc,466 Hillsdale Ave,Rocklands,VIC,3,ora.handrick@gmail.com,http://www.fennesseybuickinc.com.au
1783,Brent,Ahlborn,Apex Bottle Co,86351 Pine Ave,Oaklands Park,SA,8,bahlborn@ahlborn.com.au,http://www.apexbottleco.com.au
1784,Tora,Telch,Shamrock Food Service,6139 Contractors Dr #450,Buckland Park,SA,8,tora@telch.net.au,http://www.shamrockfoodservice.com.au
1785,Hildred,Eilbeck,Plastic Supply Inc,83 Longhurst Rd,Longwood,SA,8,hildred_eilbeck@eilbeck.net.au,http://www.plasticsupplyinc.com.au
1786,Dante,Freiman,Gaylord,76 Daylight Way #7,Varsity Lakes,QLD,7,dante_freiman@freiman.net.au,http://www.gaylord.com.au
1787,Emmanuel,Avera,Bank Of New York Na,3883 N Central Ave,Appin,NSW,2,emmanuel@yahoo.com,http://www.bankofnewyorkna.com.au
1788,Keshia,Wasp,Cole, Gary D Esq,75 E Main,Adelaide River,NT,8,kwasp@wasp.net.au,http://www.colegarydesq.com.au
1789,Sherman,Mahmud,Gencheff, Nelson E Do,9 Memorial Pky Nw,Harris Park,NSW,2,sherman@mahmud.com.au,http://www.gencheffnelsonedo.com.au
1790,Lore,Brothers,American General Finance,70086 Division St #3,Kallista,VIC,3,lore@hotmail.com,http://www.americangeneralfinance.com.au
1791,Shawn,Weibe,Feutz, James F Esq,4 Middletown Blvd #33,Camena,TAS,3,shawn@hotmail.com,http://www.feutzjamesfesq.com.au
1792,Karima,Cheever,Kwik Kopy Printing & Copying,20907 65s S,Woodberry,NSW,2,karima_cheever@hotmail.com,http://www.kwikkopyprintingcopying.com.au
1793,Francesco,Kloos,Borough Clerk,82136 Post Rd,Rocky Gully,WA,8,fkloos@kloos.com.au,http://www.boroughclerk.com.au
1794,King,Picton,U S Rentals,3 W Pioneer Dr,Preston Beach,WA,8,king@hotmail.com,http://www.usrentals.com.au
1795,Mica,Simco,Katz Brothers Market Inc,5610 Holliday Rd,Brigalow,QLD,7,msimco@gmail.com,http://www.katzbrothersmarketinc.com.au
1796,Lamonica,Princiotta,Grossman Tuchman & Shah,29133 Hammond Dr #1,Beermullah,WA,8,lamonica@hotmail.com,http://www.grossmantuchmanshah.com.au
1797,Curtis,Ware,American Inst Muscl Studies,51 Greenwood Ave,Ridgewood,WA,8,curtis@ware.net.au,http://www.americaninstmusclstudies.com.au
1798,Sabrina,Rabena,Joyces Submarine Sandwiches,327 Ward Pky,Bayles,VIC,3,sabrina_rabena@hotmail.com,http://www.joycessubmarinesandwiches.com.au
1799,Denae,Saeteun,Domurad, John M Esq,52680 W Hwy 55 #59,Moorabbin Airport,VIC,3,denae_saeteun@hotmail.com,http://www.domuradjohnmesq.com.au
1800,Anastacia,Carranzo,Debbies Golden Touch,654 Se 29th St,Waratah West,NSW,2,anastacia@yahoo.com,http://www.debbiesgoldentouch.com.au
1801,Irving,Plocica,Johnston, George M Esq,65 Clayton Rd,Cullulleraine,VIC,3,irving@hotmail.com,http://www.johnstongeorgemesq.com.au
1802,Elenor,Siefken,Chateau Sonesta Hotel,136 2nd Ave N,Cairns City,QLD,7,elenor.siefken@yahoo.com,http://www.chateausonestahotel.com.au
1803,Mary,Irene,Superior Trading Co,3 N Michigan Ave,Warding East,WA,8,mirene@gmail.com,http://www.superiortradingco.com.au
1804,Crista,Padua,Breathitt Fnrl Home & Mnmt Co,1607 Laurel St,North Haven,NSW,2,crista_padua@gmail.com,http://www.breathittfnrlhomemnmtco.com.au
1805,Lawana,Yuasa,Viking Lodge,77818 Prince Drew Rd,Cape Paterson,VIC,3,lawana_yuasa@yuasa.net.au,http://www.vikinglodge.com.au
1806,Maryrose,Cove,Brown Bear Bait Company,1 Vogel Rd,Cabramatta,NSW,2,mcove@hotmail.com,http://www.brownbearbaitcompany.com.au
1807,Lindsey,Rathmann,Pakzad Advertising,5 Main St,Kongorong,SA,8,lindsey_rathmann@rathmann.com.au,http://www.pakzadadvertising.com.au
1808,Lynelle,Koury,Jean Barbara Ltd,7696 Carey Ave,Digby,VIC,3,lynelle.koury@koury.net.au,http://www.jeanbarbaraltd.com.au
1809,Brice,Bogacz,Thurmon, Steven P,76 San Pablo Ave,Sedan,SA,8,bbogacz@hotmail.com,http://www.thurmonstevenp.com.au
1810,Laine,Killean,Bussard, Vicki L Esq,767 9th Ave Sw,Braybrook,VIC,3,laine@gmail.com,http://www.bussardvickilesq.com.au
1811,Rachael,Crawley,Stamell Tabacco & Schager,82 Hopkins Plz,Inkpen,WA,8,rachael@gmail.com,http://www.stamelltabaccoschager.com.au
1812,Della,Selestewa,Aztech Controls Inc,64 Prairie Ave,Gillieston Heights,NSW,2,della.selestewa@gmail.com,http://www.aztechcontrolsinc.com.au
1813,Thomasena,Graziosi,Hutchinson Inc,5 Jackson St,Neerabup,WA,8,thomasena@gmail.com,http://www.hutchinsoninc.com.au
1814,Frederic,Schimke,Curtis & Curtis Inc,705 Stanwix St,Mount Martha,VIC,3,fschimke@schimke.com.au,http://www.curtiscurtisinc.com.au
1815,Halina,Dellen,Roane, Matthew H Esq,3318 Buckelew Ave,Appila,SA,8,halina.dellen@dellen.com.au,http://www.roanematthewhesq.com.au
1816,Ryann,Riston,Best Western Gloucester Inn,38494 Port Reading Ave,Milton,QLD,7,ryann@hotmail.com,http://www.bestwesterngloucesterinn.com.au
1817,Shawn,Vugteveen,Shine,81 Us Highway 9,Etty Bay,QLD,7,svugteveen@vugteveen.net.au,http://www.shine.com.au
1818,Leah,Milsap,Schwartz, Seymour I Md,45 Mountain View Ave,Lower Hermitage,SA,8,leah@milsap.com.au,http://www.schwartzseymourimd.com.au
1819,Ira,Zihal,American Express Publshng Corp,6 W Meadow St,Degilbo,QLD,7,ira.zihal@yahoo.com,http://www.americanexpresspublshngcorp.com.au
1820,Paris,Kinnison,Saratoga Land Office,2 Old Corlies Ave,Eastern Heights,QLD,7,paris.kinnison@gmail.com,http://www.saratogalandoffice.com.au
1821,Shayne,Sundahl,Jaywork, John Terence Esq,5614 Public Sq,Normanville,SA,8,shayne.sundahl@gmail.com,http://www.jayworkjohnterenceesq.com.au
1822,Ernestine,Paavola,Northbros Co Divsn Natl Svc,6 E Gloria Switch Rd #96,Yorkrakine,WA,8,ernestine.paavola@paavola.com.au,http://www.northbroscodivsnnatlsvc.com.au
1823,Eleonore,Everline,Psychotherapy Associates,1 Us Highway 206,Kialla East,VIC,3,eeverline@hotmail.com,http://www.psychotherapyassociates.com.au
1824,Misty,Leriche,K J N Advertising Inc,5289 Ramblewood Dr,Glen Boughton,QLD,7,mleriche@yahoo.com,http://www.kjnadvertisinginc.com.au
1825,Na,Hodges,Automatic Feed Co,5 Aquarium Pl #1,Ongerup,WA,8,na_hodges@hotmail.com,http://www.automaticfeedco.com.au
1826,Juan,Knudtson,Newton Clerk,466 Lincoln Blvd,Clunes,VIC,3,juan@gmail.com,http://www.newtonclerk.com.au
1827,Gerald,Kloepper,Pleasantville Finance Dept,42 United Dr,Pierces Creek,QLD,7,gerald@yahoo.com,http://www.pleasantvillefinancedept.com.au
1828,Desmond,Tarkowski,Body Part Connection,5920 E Arapahoe Rd,Andergrove,QLD,7,desmond_tarkowski@hotmail.com,http://www.bodypartconnection.com.au
1829,Tommy,Gennusa,Cooper And Raley,2 New Brooklyn Rd,Concord West,NSW,2,tommy@hotmail.com,http://www.cooperandraley.com.au
1830,Adrianna,Poncio,H T Communications Group Ltd,9 34th Ave #69,Bethania,QLD,7,adrianna@poncio.com.au,http://www.htcommunicationsgroupltd.com.au
1831,Adaline,Galagher,Debbie Reynolds Hotel,32716 N Michigan Ave #82,Barooga,NSW,2,adaline.galagher@galagher.com.au,http://www.debbiereynoldshotel.com.au
1832,Tammi,Schiavi,Crew, Robert B Esq,78 Sw Beaverton Hillsdale H,Willetton,WA,8,tammi.schiavi@hotmail.com,http://www.crewrobertbesq.com.au
1833,Virgilio,Phay,Reef Encrustaceans,8494 E 57th St,Stratton,WA,8,vphay@phay.com.au,http://www.reefencrustaceans.com.au
1834,Emeline,Sotelo,Reporters Inc,46 Broadway St,Elimbah,QLD,7,emeline@gmail.com,http://www.reportersinc.com.au
1835,Marcos,Seniff,Arizona Equipment Trnsprt Inc,228 S Tyler St,Emerald,VIC,3,marcos_seniff@gmail.com,http://www.arizonaequipmenttrnsprtinc.com.au
1836,Yuonne,Carabajal,Hub Manufacturing Company Inc,2714 Beach Blvd,Changerup,WA,8,ycarabajal@carabajal.com.au,http://www.hubmanufacturingcompanyinc.com.au
1837,Gladis,Kazemi,Dippin Flavors,3266 Welsh Rd,Varsity Lakes,QLD,7,gkazemi@kazemi.net.au,http://www.dippinflavors.com.au
1838,Muriel,Drozdowski,Harfred Oil Co,1 S Maryland Pky,Durham Downs,QLD,7,muriel_drozdowski@hotmail.com,http://www.harfredoilco.com.au
1839,Juliann,Dammeyer,Wilheim, Kari A Esq,6 De Belier Rue,Bouvard,WA,8,juliann@gmail.com,http://www.wilheimkariaesq.com.au
1840,Reiko,Dejarme,Gilardis Frozen Food,57869 Alemany Blvd,Bentley Dc,WA,8,rdejarme@dejarme.net.au,http://www.gilardisfrozenfood.com.au
1841,Verdell,Garness,Ronald Massingill Pc,39 Plummer St,Thornton,NSW,2,verdell.garness@yahoo.com,http://www.ronaldmassingillpc.com.au
1842,Arleen,Kane,Colosi, Darryl J Esq,78717 Graves Ln,Eagle Farm,QLD,7,arleen.kane@hotmail.com,http://www.colosidarryljesq.com.au
1843,Launa,Vanauken,Tripuraneni, Prabhakar Md,30338 S Dunworth St,Peake,SA,8,launa@gmail.com,http://www.tripuraneniprabhakarmd.com.au
1844,Casandra,Gordis,Carlyle Abstract Co,6 Walnut St,Chippendale,NSW,2,casandra_gordis@gordis.com.au,http://www.carlyleabstractco.com.au
1845,Julio,Puccini,Streator Onized Fed Crdt Un,2244 Franquette Ave,Gorokan,NSW,2,julio@gmail.com,http://www.streatoronizedfedcrdtun.com.au
1846,Alica,Alerte,Valley Hi Bank,9892 Hernando W,Grevillia,NSW,2,aalerte@alerte.com.au,http://www.valleyhibank.com.au
1847,Karol,Sarkissian,Pep Boys Manny Moe & Jack,9296 Prince Rodgers Ave,Chatsworth,NSW,2,ksarkissian@yahoo.com,http://www.pepboysmannymoejack.com.au
1848,Wava,Ochs,Knights Inn,9 Chandler Ave #355,Bawley Point,NSW,2,wava.ochs@gmail.com,http://www.knightsinn.com.au
1849,Felicitas,Gong,Telcom Communication Center,173 Howard Ave,Weengallon,QLD,7,fgong@gong.com.au,http://www.telcomcommunicationcenter.com.au
1850,Jamie,Kushnir,Bell Electric Co,3216 W Wabansia Ave,Tuggeranong Dc,ACT,2,jamie@kushnir.net.au,http://www.bellelectricco.com.au
1851,Fidelia,Dampier,Signs Now,947 W Harrison St #640,Dangar Island,NSW,2,fidelia_dampier@gmail.com,http://www.signsnow.com.au
1852,Kris,Medich,Chieftain Four Inc,94843 Trabold Rd #59,Shannon,TAS,3,kris.medich@hotmail.com,http://www.chieftainfourinc.com.au
1853,Lashawna,Filan,South Carolina State Housing F,8 Lincoln Way W #6698,Greenhills,WA,8,lashawna.filan@filan.net.au,http://www.southcarolinastatehousingf.com.au
1854,Lachelle,Andrzejewski,Lucas Cntrl Systems Prod Deeco,262 Montauk Blvd,Cherrybrook,NSW,2,lachelle.andrzejewski@andrzejewski.com.au,http://www.lucascntrlsystemsproddeeco.com.au
1855,Katy,Saltourides,J C S Iron Works Inc,5040 Teague Rd #65,Junee,NSW,2,katy_saltourides@yahoo.com,http://www.jcsironworksinc.com.au
1856,Bettyann,Fernades,Lsr Pokorny Schwartz Friedman,54648 Hylan Blvd #883,Tibradden,WA,8,bettyann@fernades.com.au,http://www.lsrpokornyschwartzfriedman.com.au
1857,Valda,Levay,Branom Instrument Co,7463 Elmwood Park Blvd,Tungkillo,SA,8,vlevay@levay.net.au,http://www.branominstrumentco.com.au
1858,Lynette,Beaureguard,Young, Craig C Md,630 E Plano Pky,Tarawera,QLD,7,lynette.beaureguard@hotmail.com,http://www.youngcraigcmd.com.au
1859,Victor,Laroia,Midwest Marketing Inc,166 N Maple Dr,Scotts Head,NSW,2,victor@laroia.net.au,http://www.midwestmarketinginc.com.au
1860,Pa,Badgero,Korolishin, Michael Esq,20 Meadow Ln,Pakenham Upper,VIC,3,pa_badgero@badgero.com.au,http://www.korolishinmichaelesq.com.au
1861,Dorathy,Miskelly,Perrysburg Animal Care Inc,73 Robert S,Westerway,TAS,3,dorathy.miskelly@gmail.com,http://www.perrysburganimalcareinc.com.au
1862,Rodrigo,Schuh,Hospitality Design Group,512 E Idaho St,Burrier,NSW,2,rodrigo_schuh@gmail.com,http://www.hospitalitydesigngroup.com.au
1863,Stanford,Waganer,Ciba Geigy Corp,98021 Harwin Dr,East Nabawa,WA,8,stanford_waganer@waganer.net.au,http://www.cibageigycorp.com.au
1864,Michael,Orehek,Robinson, Michael C Esq,892 Sw Broadway #8,Millers Point,NSW,2,michael_orehek@gmail.com,http://www.robinsonmichaelcesq.com.au
1865,Ines,Tokich,De Woskin, Alan E Esq,192 N Sheffield Ave,Bunya Mountains,QLD,7,ines_tokich@tokich.net.au,http://www.dewoskinalaneesq.com.au
1866,Dorinda,Markoff,Alumi Span Inc,5 Columbia Pike,Mayfield East,NSW,2,dorinda_markoff@hotmail.com,http://www.alumispaninc.com.au
1867,Clarence,Gabbert,M C Publishing,35983 Daubert St,Verges Creek,NSW,2,clarence.gabbert@gmail.com,http://www.mcpublishing.com.au
1868,Omer,Radel,Phoenix Marketing Rep Inc,678 S Main St,Hill River,WA,8,omer_radel@radel.net.au,http://www.phoenixmarketingrepinc.com.au
1869,Winifred,Kingshott,Remc South Eastern,532 Saint Marks Ct,Marshdale,NSW,2,winifred.kingshott@yahoo.com,http://www.remcsoutheastern.com.au
1870,Theresia,Salomone,Curran, Carol N Esq,1337 N 26th St,Bundall,QLD,7,theresia_salomone@gmail.com,http://www.currancarolnesq.com.au
1871,Daisy,Kearsey,Faber Castell Corporation,556 Bernardo Cent,Mount Nasura,WA,8,dkearsey@yahoo.com,http://www.fabercastellcorporation.com.au
1872,Aretha,Bodle,Palmetto Food Equipment Co Inc,9561 Chartres St,Parndana,SA,8,aretha_bodle@hotmail.com,http://www.palmettofoodequipmentcoinc.com.au
1873,Bettina,Diciano,Greater Ky Corp,11999 Main St,Dripstone,NSW,2,bdiciano@diciano.com.au,http://www.greaterkycorp.com.au
1874,Omega,Mangino,Kajo 1270 Am Radio,495 Distribution Dr #996,Gnotuk,VIC,3,omega.mangino@hotmail.com,http://www.kajoamradio.com.au
1875,Dana,Vock,Fried, Monte Esq,49 Walnut St,Yarralumla,ACT,2,dana_vock@yahoo.com,http://www.friedmonteesq.com.au
1876,Naomi,Tuamoheloa,Dayer Real Estate Group,85 S Washington Ave,Muja,WA,8,naomi@yahoo.com,http://www.dayerrealestategroup.com.au
1877,Luis,Yerry,On Your Feet,72984 W 1st St,Summerhill,TAS,3,luis@hotmail.com,http://www.onyourfeet.com.au
1878,Dominga,Barchacky,South Side Machine Works Inc,3 Ridge Rd W #949,Port Flinders,SA,8,dominga.barchacky@hotmail.com,http://www.southsidemachineworksinc.com.au
1879,Isreal,Calizo,Milner Inn,2 Landmeier Rd,Wombeyan Caves,NSW,2,isreal_calizo@gmail.com,http://www.milnerinn.com.au
1880,Myrtie,Korba,United Mortgage,82 W Market St,Dartnall,WA,8,mkorba@hotmail.com,http://www.unitedmortgage.com.au
1881,Jodi,Naifeh,Cahill, Steven J Esq,89 N Himes Ave,Dural,NSW,2,jodi@hotmail.com,http://www.cahillstevenjesq.com.au
1882,Pearly,Hedstrom,G Whitfield Richards Co,62296 S Elliott Rd #2,Wandering,WA,8,pearly@gmail.com,http://www.gwhitfieldrichardsco.com.au
1883,Aileen,Menez,Cuzzo, Michael J Esq,8 S Main St,Manjimup,WA,8,aileen_menez@menez.net.au,http://www.cuzzomichaeljesq.com.au
1884,Glory,Carlo,Swanson Travel,50808 A Pamalee Dr,Grange,QLD,7,glory_carlo@gmail.com,http://www.swansontravel.com.au
1885,Kathrine,Francoise,Jackson, Brian C,30691 Poplar Ave #4,Indented Head,VIC,3,kathrine@yahoo.com,http://www.jacksonbrianc.com.au
1886,Domingo,Mckale,Fables Gallery,80968 Armitage Ave,Marla,SA,8,domingo_mckale@mckale.net.au,http://www.fablesgallery.com.au
1887,Julian,Laprade,Forsyth Steel Co,5 Pittsburg St,Mungabunda,QLD,7,jlaprade@laprade.net.au,http://www.forsythsteelco.com.au
1888,Marylou,Lofts,Lally, Lawrence D Esq,812 Berry Blvd #96,Houston,VIC,3,marylou_lofts@lofts.com.au,http://www.lallylawrencedesq.com.au
1889,Louis,Brueck,Sassy Lassie Dolls,73 12th St,Larrakeyah,NT,8,louis.brueck@brueck.net.au,http://www.sassylassiedolls.com.au
1890,Ellsworth,Guenther,Performance Consulting Grp Inc,27730 American Ave,Docklands,VIC,3,eguenther@hotmail.com,http://www.performanceconsultinggrpinc.com.au
1891,Wilburn,Lary,Padrick, Comer W Jr,72 Park Ave,Gabbadah,WA,8,wlary@lary.net.au,http://www.padrickcomerwjr.com.au
1892,Arlie,Borra,Analytical Laboratories,59215 W 80th St,Morundah,NSW,2,arlie.borra@gmail.com,http://www.analyticallaboratories.com.au
1893,Alysa,Lehoux,Signs Of The Times,186 Geary Blvd #923,Trungley Hall,NSW,2,alysa@hotmail.com,http://www.signsofthetimes.com.au
1894,Marilynn,Herrera,Brown, Alan Esq,717 Midway Pl,Tawonga,VIC,3,marilynn.herrera@herrera.net.au,http://www.brownalanesq.com.au
1895,Scot,Jarva,Biancas La Petite French Bkry,68 Camden Rd,Kingswood,NSW,2,scot.jarva@jarva.com.au,http://www.biancaslapetitefrenchbkry.com.au
1896,Adelaide,Ender,Williams Design Group,175 N Central Ave,Greenslopes,QLD,7,aender@gmail.com,http://www.williamsdesigngroup.com.au
1897,Jackie,Borchelt,Community Communication Servs,80896 South Ave,Grovedale,VIC,3,jackie_borchelt@hotmail.com,http://www.communitycommunicationservs.com.au
1898,Carli,Bame,Hampton Inn Hotel,6584 S Bascom Ave #371,Elanora,QLD,7,carli@yahoo.com,http://www.hamptoninnhotel.com.au
1899,Coletta,Thro,Hoffman, Carl Esq,64865 Main St,North Fremantle,WA,8,coletta.thro@thro.net.au,http://www.hoffmancarlesq.com.au
1900,Katheryn,Lamers,Sonoco Products Co,62171 E 6th Ave,Fyshwick,ACT,2,katheryn_lamers@gmail.com,http://www.sonocoproductsco.com.au
1901,Santos,Wisenbaker,Brattleboro Printing Inc,67729 180th St,Allworth,NSW,2,swisenbaker@wisenbaker.net.au,http://www.brattleboroprintinginc.com.au
1902,Kimberely,Weyman,Scientific Agrcltl Svc Inc,7721 Harrison St,Kingsway West,NSW,2,kweyman@weyman.com.au,http://www.scientificagrcltlsvcinc.com.au
1903,Earlean,Suffern,Booster Farms,5351 E Thousand Oaks Blvd,Woodford,NSW,2,earlean.suffern@suffern.net.au,http://www.boosterfarms.com.au
1904,Dannette,Heimbaugh,Accent Copy Center Inc,5 Carpenter Ave,Breakaway,QLD,7,dannette@gmail.com,http://www.accentcopycenterinc.com.au
1905,Odelia,Hutchin,Mccaffreys Supermarket,374 Sunrise Ave,Gorrie,WA,8,odelia.hutchin@hutchin.com.au,http://www.mccaffreyssupermarket.com.au
1906,Lina,Schwiebert,Chemex Labs Ltd,68538 N Bentz St #1451,Koorlong,VIC,3,lina@yahoo.com,http://www.chemexlabsltd.com.au
1907,Fredric,Johanningmeie,Galaxie Displays Inc,23 S Orange Ave #55,Wardell,NSW,2,fredric@hotmail.com,http://www.galaxiedisplaysinc.com.au
1908,Alfreda,Delsoin,Harris, Eric C Esq,4373 Washington St,Bongeen,QLD,7,adelsoin@yahoo.com,http://www.harrisericcesq.com.au
1909,Bernadine,Elamin,Tarix Printing,61550 S Figueroa St,Waverley,NSW,2,bernadine_elamin@yahoo.com,http://www.tarixprinting.com.au
1910,Ming,Thaxton,Chem Aqua,8 N Town East Blvd,Forrest,VIC,3,mthaxton@gmail.com,http://www.chemaqua.com.au
1911,Gracia,Pecot,Kern Valley Printing,2452 Bango Rd,Gundaroo,NSW,2,gpecot@hotmail.com,http://www.kernvalleyprinting.com.au
1912,Yuette,Metevelis,American Speedy Printing Ctrs,8219 Roswell Rd Ne,North Boyanup,WA,8,yuette.metevelis@metevelis.net.au,http://www.americanspeedyprintingctrs.com.au
1913,Yuriko,Kazarian,Doane Products Company,3 Davis Blvd,Mouroubra,WA,8,yuriko_kazarian@gmail.com,http://www.doaneproductscompany.com.au
1914,Hyman,Hegeman,Jerico Group,1 S Marginal Rd,Flinders University,SA,8,hyman@hotmail.com,http://www.jericogroup.com.au
1915,Linette,Summerfield,Mortenson Broadcasting Co,78 S Robson,Crows Nest,QLD,7,linette.summerfield@hotmail.com,http://www.mortensonbroadcastingco.com.au
1916,Jospeh,Couzens,M & M Quality Printing,2749 Van Nuys Blvd,Panmure,VIC,3,jospeh.couzens@couzens.com.au,http://www.mmqualityprinting.com.au
1917,Anna,Ovit,Georgia Business Machines,722 E Liberty St,Bygalorie,NSW,2,anna.ovit@hotmail.com,http://www.georgiabusinessmachines.com.au
1918,Shawnta,Woodhams,Leo, Frank M,9 Gunnison St,Oakhurst,NSW,2,shawnta@woodhams.com.au,http://www.leofrankm.com.au
1919,Ettie,Luckenbach,S E M A,2902 Edison Dr #278,Mandurah East,WA,8,ettie@yahoo.com,http://www.sema.com.au
1920,Chara,Leveston,Arthur Andersen & Co,72 N Buckeye Ave,Daisy Hill,VIC,3,cleveston@gmail.com,http://www.arthurandersenco.com.au
1921,Lauran,Huntsberger,Triangle Engineering Inc,41 E Jackson St,Willetton,WA,8,lhuntsberger@huntsberger.net.au,http://www.triangleengineeringinc.com.au
1922,Pansy,Todesco,Schmidt, Charles E Jr,684 William St,Tarnagulla,VIC,3,pansy_todesco@gmail.com,http://www.schmidtcharlesejr.com.au
1923,Georgeanna,Silverstone,Emess Professional Svces,185 W Guadalupe Rd,Steels Creek,VIC,3,georgeanna@silverstone.net.au,http://www.emessprofessionalsvces.com.au
1924,Jesus,Liversedge,White, Mark A Cpa,18514 E 4th St #8,Broken Head,NSW,2,jesus.liversedge@hotmail.com,http://www.whitemarkacpa.com.au
1925,Jamey,Tetter,Vicon Corporation,28 Standiford Ave #6,Bundaberg West,QLD,7,jamey.tetter@gmail.com,http://www.viconcorporation.com.au
1926,Alberta,Motter,Turl Engineering Works,33108 S Yosemite Ct,Port Melbourne,VIC,3,alberta_motter@hotmail.com,http://www.turlengineeringworks.com.au
1927,Ronald,Grube,Deep Creek Pharmacy,73778 Battery St,Happy Valley,SA,8,ronald.grube@yahoo.com,http://www.deepcreekpharmacy.com.au
1928,Tamala,Hickie,Mister Bagel,351 Crooks Rd,Benambra,VIC,3,tamala_hickie@yahoo.com,http://www.misterbagel.com.au
1929,Gerry,Mohrmann,Howard Winig Realty Assocs Inc,8 Glenn Way #3,Brockman,WA,8,gerry_mohrmann@mohrmann.net.au,http://www.howardwinigrealtyassocsinc.com.au
1930,Isaiah,Kueter,Jordan, Mark D Esq,8 W Virginia St,Amphitheatre,VIC,3,ikueter@kueter.com.au,http://www.jordanmarkdesq.com.au
1931,Magnolia,Overbough,Marin Sun Printing,65484 Bainbridge Rd,Penrith,NSW,2,moverbough@overbough.com.au,http://www.marinsunprinting.com.au
1932,Ngoc,Guglielmina,Verde, Louis J Esq,156 Morris St,Darke Peak,SA,8,ngoc_guglielmina@hotmail.com,http://www.verdelouisjesq.com.au
1933,Julene,Lauretta,Convum Internatl Corp,1881 Market St,Mole Creek,TAS,3,julene.lauretta@gmail.com,http://www.convuminternatlcorp.com.au
1934,Magda,Lindbeck,Thomas Torto Constr Corp,6 Kings St #4790,Emerald Beach,NSW,2,magda_lindbeck@yahoo.com,http://www.thomastortoconstrcorp.com.au
1935,Shantell,Lizama,Astromatic,9787 Dunksferry Rd,Logan Village,QLD,7,shantell.lizama@gmail.com,http://www.astromatic.com.au
1936,Audria,Piccinich,Kuhio Photo,13 Blanchard St #996,Coober Pedy,SA,8,audria.piccinich@gmail.com,http://www.kuhiophoto.com.au
1937,Nickole,Derenzis,Lehigh Furn Divsn Lehigh,2 Pompton Ave,Berowra Heights,NSW,2,nderenzis@hotmail.com,http://www.lehighfurndivsnlehigh.com.au
1938,Grover,Reynolds,Okon Inc,2867 Industrial Way,Innaloo,WA,8,grover.reynolds@gmail.com,http://www.okoninc.com.au
1939,Rocco,Bergstrom,Postlewaite, Jack A Esq,850 Warwick Blvd #58,Leeman,WA,8,rocco@yahoo.com,http://www.postlewaitejackaesq.com.au
1940,Ethan,Quintero,Regent Consultants Corp,2 Ellis Rd,East Damboring,WA,8,ethan_quintero@quintero.com.au,http://www.regentconsultantscorp.com.au
1941,Glynda,Sanzenbacher,Hinkson Cooper Weaver Inc,80 Monroe St,Kinglake West,VIC,3,glynda@sanzenbacher.com.au,http://www.hinksoncooperweaverinc.com.au
1942,Yolande,Scrimsher,Spclty Fastening Systems Inc,71089 Queens Blvd,Canning Vale,WA,8,yolande@yahoo.com,http://www.spcltyfasteningsystemsinc.com.au
1943,Twanna,Sieber,Rudolph, William S Cpa,66094 Pioneer Rd,Upper Glastonbury,QLD,7,twanna@yahoo.com,http://www.rudolphwilliamscpa.com.au
1944,Rosenda,Petteway,Choo Choo Caboose At Jade Bbq,66 Congress St,Caroline Springs,VIC,3,rosenda@gmail.com,http://www.choochoocabooseatjadebbq.com.au
1945,Lacey,Francis,Anthony & Langford,44 105th Ave,Hunchy,QLD,7,lacey.francis@francis.net.au,http://www.anthonylangford.com.au
1946,Cordie,Meikle,Shapiro Bag Company,40809 Rockburn Hill Rd,Hamlyn Terrace,NSW,2,cordie.meikle@hotmail.com,http://www.shapirobagcompany.com.au
1947,Annalee,Graleski,Lescure Company Inc,9 Green Rd #5877,Darbys Falls,NSW,2,annalee.graleski@hotmail.com,http://www.lescurecompanyinc.com.au
1948,Dana,Ladeau,Higgins, Daniel B Esq,63 W 41st Ave #93,Pinnacle,QLD,7,dana@ladeau.net.au,http://www.higginsdanielbesq.com.au
1949,Wai,Raddle,Dot Pitch Electronics,2 Stirrup Dr #4907,Carlsruhe,VIC,3,wai.raddle@raddle.com.au,http://www.dotpitchelectronics.com.au
1950,Johana,Conquest,Henri D Kahn Insurance,19 Court St,Paulls Valley,WA,8,johana@conquest.net.au,http://www.henridkahninsurance.com.au
1951,Tomas,Fults,Test Tools Inc,3 Hwy 61 #2491,Mirani,QLD,7,tomas_fults@fults.net.au,http://www.testtoolsinc.com.au
1952,Karon,Etzler,Rachmel & Company Cpa Pa,97539 Connecticut Ave Nw #3586,Buckland,TAS,3,karon@hotmail.com,http://www.rachmelcompanycpapa.com.au
1953,Delbert,Houben,Hermann Assocs Inc Safe Mart,59 Murray Hill Pky,Mitta Mitta,VIC,3,delbert.houben@hotmail.com,http://www.hermannassocsincsafemart.com.au
1954,Ashleigh,Rimmer,Palmer Publications Inc,15 W 11mile Rd,Boat Harbour Beach,TAS,3,ashleigh.rimmer@hotmail.com,http://www.palmerpublicationsinc.com.au
1955,Nenita,Mckenna,Southern Imperial Inc,709 New Market St,Botany,NSW,2,nmckenna@yahoo.com,http://www.southernimperialinc.com.au
1956,Micah,Shear,United Water Resources Inc,324 Shawnee Mission Pky,Scaddan,WA,8,mshear@hotmail.com,http://www.unitedwaterresourcesinc.com.au
1957,Stefany,Figueras,Burke, Jonathan H Esq,37 Saint Louis Ave #292,Lenswood,SA,8,stefany@figueras.net.au,http://www.burkejonathanhesq.com.au
1958,Rene,Burnsworth,Nurses Ofr Newborns,80289 Victory Ave #9,Farrell Flat,SA,8,rene@burnsworth.net.au,http://www.nursesofrnewborns.com.au
1959,Cary,Orazine,Para Laboratories,16 Governors Dr Sw,Melrose,SA,8,cary.orazine@hotmail.com,http://www.paralaboratories.com.au
1960,Micheal,Ocken,New Orleans Credit Service Inc,4 E Aven #284,Freemans Waterhole,NSW,2,micheal.ocken@ocken.net.au,http://www.neworleanscreditserviceinc.com.au
1961,Frederick,Tamburello,Signs By Berry,262 8th St,Simpsons Bay,TAS,3,frederick.tamburello@hotmail.com,http://www.signsbyberry.com.au
1962,Burma,Noa,Saum, Scott J Esq,79 State Route 35,Ripponlea,VIC,3,burma.noa@gmail.com,http://www.saumscottjesq.com.au
1963,Cherry,Roh,Ulrich, Lawrence M Esq,75 Blackington Ave,North Cascade,WA,8,cherry_roh@yahoo.com,http://www.ulrichlawrencemesq.com.au
1964,Gabriele,Frabotta,Stewart Levine & Davis,6 Abbott Rd,Ensay,VIC,3,gabriele_frabotta@gmail.com,http://www.stewartlevinedavis.com.au
1965,Clement,Chee,Bark Eater Inn,5159 Saint Ann St,Golden Point,VIC,3,clement@hotmail.com,http://www.barkeaterinn.com.au
1966,Beckie,Apodace,Reich, Richard J Esq,26 Ripley St #5444,Middle Cove,NSW,2,bapodace@gmail.com,http://www.reichrichardjesq.com.au
1967,Catrice,Fowlkes,Kappus Co,39828 Abbott Rd,Waterfront Place,QLD,7,cfowlkes@hotmail.com,http://www.kappusco.com.au
1968,Richelle,Remillard,Terri, Teresa Hutchens Esq,2495 Beach Blvd #557,Buraminya,WA,8,richelle.remillard@remillard.net.au,http://www.territeresahutchensesq.com.au
1969,Cherri,Miccio,Hong Iwai Hulbert & Kawano,3 Bustleton Ave,Balnagowan,QLD,7,cherri_miccio@gmail.com,http://www.hongiwaihulbertkawano.com.au
1970,Dorethea,Taketa,Fraser Dante Ltd,7 N 4th St,Lower Cressbrook,QLD,7,dtaketa@taketa.net.au,http://www.fraserdanteltd.com.au
1971,Barb,Latina,Die Craft Stamping,1 National Plac #6619,Larrakeyah,NT,8,blatina@hotmail.com,http://www.diecraftstamping.com.au
1972,Bettye,Meray,Sako, Bradley T Esq,248 Academy Rd,Middleton,TAS,3,bmeray@yahoo.com,http://www.sakobradleytesq.com.au
1973,Sherrell,Sprowl,Country Comfort,2 State Hwy,Oak Flats,NSW,2,sherrell_sprowl@hotmail.com,http://www.countrycomfort.com.au
1974,Ruth,Niglio,Amberley Suite Hotels,6 W Cornelia Ave,Orange Hill,QLD,7,ruth.niglio@hotmail.com,http://www.amberleysuitehotels.com.au
1975,Alva,Shoulders,Warren Leadership,461 S Fannin Ave,Welshpool,WA,8,alva@gmail.com,http://www.warrenleadership.com.au
1976,Carri,Palaspas,Alexander, David T Esq,51255 Tea Town Rd #9,Minnenooka,WA,8,carri_palaspas@palaspas.net.au,http://www.alexanderdavidtesq.com.au
1977,Onita,Milbrandt,Fairfield Inn By Marriott,93 Bloomfield Ave #829,Wagga Wagga South,NSW,2,onita.milbrandt@milbrandt.com.au,http://www.fairfieldinnbymarriott.com.au
1978,Jessenia,Sarp,Skyline Lodge & Restaurant,5775 Mechanic St #517,Wansbrough,WA,8,jsarp@hotmail.com,http://www.skylinelodgerestaurant.com.au
1979,Tricia,Peressini,Aviation Design,3 Industrial Blvd,Pintharuka,WA,8,tperessini@yahoo.com,http://www.aviationdesign.com.au
1980,Stephaine,Manin,Malmon, Alvin S Esq,8202 Cornwall Rd,Eumundi,QLD,7,stephaine_manin@yahoo.com,http://www.malmonalvinsesq.com.au
1981,Florinda,Gudgel,Transit Cargo Services Inc,53597 W Clarendon Ave,Halton,NSW,2,fgudgel@gudgel.com.au,http://www.transitcargoservicesinc.com.au
1982,Marsha,Farnham,Comfort Inn Of Revere,577 Cleveland Ave,Glenmore Park,NSW,2,marsha@farnham.com.au,http://www.comfortinnofrevere.com.au
1983,Josefa,Oakland,Duncan & Associates,259 1st Ave,Mccutcheon,QLD,7,josefa_oakland@oakland.com.au,http://www.duncanassociates.com.au
1984,Deeann,Nicklous,Philip Kingsley Trichological,79 Mechanic St,Pimpimbudgee,QLD,7,deeann_nicklous@gmail.com,http://www.philipkingsleytrichological.com.au
1985,Jeannetta,Vonstaden,Burlington Homes Of Maine,269 Executive Dr,Ilford,NSW,2,jvonstaden@gmail.com,http://www.burlingtonhomesofmaine.com.au
1986,Desmond,Amuso,Carson, Scott W Esq,79 Runamuck Pl,Caparra,NSW,2,desmond@hotmail.com,http://www.carsonscottwesq.com.au
1987,Trina,Bakey,Dewitt Cnty Fed Svngs & Ln,31 Guilford Rd #7904,Duaringa,QLD,7,tbakey@bakey.com.au,http://www.dewittcntyfedsvngsln.com.au
1988,Ramonita,Picotte,Art Material Services Inc,504 Steve Dr,Weston,NSW,2,ramonita_picotte@yahoo.com,http://www.artmaterialservicesinc.com.au
1989,Temeka,Bodine,Consolidated Manufacturing Inc,407 E 57th Ave,Clunes,NSW,2,temeka.bodine@gmail.com,http://www.consolidatedmanufacturinginc.com.au
1990,Bea,Iida,Reliance Credit Union,72 W Ripley Ave,Oakey,QLD,7,bea_iida@iida.net.au,http://www.reliancecreditunion.com.au
1991,Soledad,Mockus,Sinclair Machine Products Inc,75 Elm Rd #1190,Barton,ACT,2,soledad_mockus@yahoo.com,http://www.sinclairmachineproductsinc.com.au
1992,Margurite,Okon,Kent, Wendy M Esq,32 Broadway St,Lanena,TAS,3,margurite.okon@hotmail.com,http://www.kentwendymesq.com.au
1993,Artie,Saine,Dixon, Eric D Esq,41 Washington Blvd,Cora Lynn,VIC,3,artie_saine@yahoo.com,http://www.dixonericdesq.com.au
1994,Major,Studwell,Wood Sign & Banner Co,5 Buford Hwy Ne #3,Allora,QLD,7,major@gmail.com,http://www.woodsignbannerco.com.au
1995,Veronika,Buchauer,Adkins, Russell Esq,6 Flex Ave,Willow Tree,NSW,2,veronika.buchauer@buchauer.net.au,http://www.adkinsrussellesq.com.au
1996,Christene,Cisney,Danform Shoe Stores,21058 Massillon Rd,Keilor Downs,VIC,3,christene@hotmail.com,http://www.danformshoestores.com.au
1997,Miles,Feldner,Antietam Cable Television,28465 Downey Ave #4238,Barringun,QLD,7,miles@hotmail.com,http://www.antietamcabletelevision.com.au
1998,Julio,Mikel,Lombardi Bros Inc,2803 N Catalina Ave,Pilliga,NSW,2,julio.mikel@mikel.net.au,http://www.lombardibrosinc.com.au
1999,Aide,Ghera,Nathaniel Electronics,22 Livingston Ave,Rhodes,NSW,2,aide.ghera@ghera.com.au,http://www.nathanielelectronics.com.au
2000,Noelia,Brackett,Rodriguez, Joseph A Esq,403 Conn Valley Rd,Castletown,WA,8,noelia@brackett.net.au,http://www.rodriguezjosephaesq.com.au
2001,Lenora,Delacruz,Stilling, William J Esq,5400 Market St,Turill,NSW,2,lenora@delacruz.net.au,http://www.stillingwilliamjesq.com.au
2002,"Rebbecca","Didio","Brandt,,Jonathan,F,0,"171,E
2003,"Rebbecca","Didio","Brandt,,Jonathan,F,0,"171,E
2004,"Stevie","Hallo","Landrum,Temporary,Services","22222,0,St","Proston"
2005,"Mariko","Stayer","Inabinet,,Macre,Esq",0,Schoenborn,St
2006,"Gerardo","Woodka","Morris,Downing,&,Sherred",0,Jackson,Ave"
2007,"Mayra","Bena","Buelt,,David,L,0,"808,Glen
2008,"Idella","Scotland","Artesian,Ice,&,Cold,0,Co","373
2009,"Sherill","Klar","Midway,Hotel","87,Sylvan,0,"Nyamup","WA"
2010,"Ena","Desjardiws","Selsor,,Robert,J,0,"60562,Ky
2011,"Vince","Siena","Vincent,J,Petti,&,0,"70,S
2012,"Theron","Jarding","Prentiss,,Paul,F,0,"8839,Ventura
2013,"Amira","Chudej","Public,Works,Department","3684,0,Wacker,Dr"
2014,"Marica","Tarbor","Prudential,Lighting,Corp","68828,0,32nd,St
2015,"Shawna","Albrough","Wood,,J,Scott,0,"43157,Cypress
2016,"Paulina","Maker","Swanson,Peterson,Fnrl,Home,0,"6,S
2017,"Rose","Jebb","Old,Cider,Mill,Grove",0,Tarrytown,Rd"
2018,"Lenora","Delacruz","Stilling,,William,J,0,"5400,Market
2019,,,,,,,0,,
2020,"Rebbecca","Didio","Brandt,,Jonathan,F,0,"171,E
2021,"Stevie","Hallo","Landrum,Temporary,Services","22222,0,St","Proston"
2022,"Mariko","Stayer","Inabinet,,Macre,Esq",0,Schoenborn,St
2023,"Gerardo","Woodka","Morris,Downing,&,Sherred",0,Jackson,Ave"
2024,"Mayra","Bena","Buelt,,David,L,0,"808,Glen
2025,"Idella","Scotland","Artesian,Ice,&,Cold,0,Co","373
2026,"Sherill","Klar","Midway,Hotel","87,Sylvan,0,"Nyamup","WA"
2027,"Ena","Desjardiws","Selsor,,Robert,J,0,"60562,Ky
2028,"Vince","Siena","Vincent,J,Petti,&,0,"70,S
2029,"Theron","Jarding","Prentiss,,Paul,F,0,"8839,Ventura
2030,"Amira","Chudej","Public,Works,Department","3684,0,Wacker,Dr"
2031,"Marica","Tarbor","Prudential,Lighting,Corp","68828,0,32nd,St
2032,"Shawna","Albrough","Wood,,J,Scott,0,"43157,Cypress
2033,"Paulina","Maker","Swanson,Peterson,Fnrl,Home,0,"6,S
2034,"Rose","Jebb","Old,Cider,Mill,Grove",0,Tarrytown,Rd"
2035,"Lenora","Delacruz","Stilling,,William,J,0,"5400,Market
2036,,,,,,,0,,
2037,"Rebbecca","Didio","Brandt, Jonathan F Esq","171 E 24th St","Leith",0,"3","rebbecca.didio@didio.com.au"
2038,"Stevie","Hallo","Landrum Temporary Services","22222 Acoma St","Proston","QLD",0,"stevie.hallo@hotmail.com","http://www.landrumtemporaryservices.com.au"

2039,"Mariko","Stayer","Inabinet, Macre Esq","534 Schoenborn St #51","Hamel",0,"8","mariko_stayer@hotmail.com"
2040,"Gerardo","Woodka","Morris Downing & Sherred","69206 Jackson Ave","Talmalmo","NSW",0,"gerardo_woodka@hotmail.com","http://www.morrisdowningsherred.com.au"

2041,"Mayra","Bena","Buelt, David L Esq","808 Glen Cove Ave","Lane Cove",0,"2","mayra.bena@gmail.com"
2042,"Idella","Scotland","Artesian Ice & Cold Storage Co","373 Lafayette St","Cartmeticup","WA",0,"idella@hotmail.com","http://www.artesianicecoldstorageco.com.au"

2043,"Sherill","Klar","Midway Hotel","87 Sylvan Ave","Nyamup","WA",0,"sklar@hotmail.com","http://www.midwayhotel.com.au"

2044,"Ena","Desjardiws","Selsor, Robert J Esq","60562 Ky Rt 321","Bendick Murrell",0,"2","ena_desjardiws@desjardiws.com.au"
2045,"Vince","Siena","Vincent J Petti & Co","70 S 18th Pl","Purrawunda","QLD",0,"vince_siena@yahoo.com","http://www.vincentjpettico.com.au"

2046,"Theron","Jarding","Prentiss, Paul F Esq","8839 Ventura Blvd","Blanchetown",0,"8","tjarding@hotmail.com"
2047,"Amira","Chudej","Public Works Department","3684 N Wacker Dr","Rockside","QLD",0,"amira.chudej@chudej.net.au","http://www.publicworksdepartment.com.au"

2048,"Marica","Tarbor","Prudential Lighting Corp","68828 S 32nd St #6","Rosegarland","TAS",0,"marica.tarbor@hotmail.com","http://www.prudentiallightingcorp.com.au"

2049,"Shawna","Albrough","Wood, J Scott Esq","43157 Cypress St","Ringwood",0,"7","shawna.albrough@albrough.com.au"
2050,"Paulina","Maker","Swanson Peterson Fnrl Home Inc","6 S Hanover Ave","Maylands","WA",0,"paulina_maker@maker.net.au","http://www.swansonpetersonfnrlhomeinc.com.au"

2051,"Rose","Jebb","Old Cider Mill Grove","27916 Tarrytown Rd","Wooloowin","QLD",0,"rose@jebb.net.au","http://www.oldcidermillgrove.com.au"

2052,"Lenora","Delacruz","Stilling, William J Esq","5400 Market St","Turill",0,"2","lenora@delacruz.net.au"
2053,,,,,,,0,,
2054,"Rebbecca","Didio","Brandt, Jonathan F Esq","171 E 24th St","Leith",0,"3","rebbecca.didio@didio.com.au"
2055,"Stevie","Hallo","Landrum Temporary Services","22222 Acoma St","Proston","QLD",0,"stevie.hallo@hotmail.com","http://www.landrumtemporaryservices.com.au"

2056,"Mariko","Stayer","Inabinet, Macre Esq","534 Schoenborn St #51","Hamel",0,"8","mariko_stayer@hotmail.com"
2057,"Gerardo","Woodka","Morris Downing & Sherred","69206 Jackson Ave","Talmalmo","NSW",0,"gerardo_woodka@hotmail.com","http://www.morrisdowningsherred.com.au"

2058,"Mayra","Bena","Buelt, David L Esq","808 Glen Cove Ave","Lane Cove",0,"2","mayra.bena@gmail.com"
2059,"Idella","Scotland","Artesian Ice & Cold Storage Co","373 Lafayette St","Cartmeticup","WA",0,"idella@hotmail.com","http://www.artesianicecoldstorageco.com.au"

2060,"Sherill","Klar","Midway Hotel","87 Sylvan Ave","Nyamup","WA",0,"sklar@hotmail.com","http://www.midwayhotel.com.au"

2061,"Ena","Desjardiws","Selsor, Robert J Esq","60562 Ky Rt 321","Bendick Murrell",0,"2","ena_desjardiws@desjardiws.com.au"
2062,"Vince","Siena","Vincent J Petti & Co","70 S 18th Pl","Purrawunda","QLD",0,"vince_siena@yahoo.com","http://www.vincentjpettico.com.au"

2063,"Theron","Jarding","Prentiss, Paul F Esq","8839 Ventura Blvd","Blanchetown",0,"8","tjarding@hotmail.com"
2064,"Amira","Chudej","Public Works Department","3684 N Wacker Dr","Rockside","QLD",0,"amira.chudej@chudej.net.au","http://www.publicworksdepartment.com.au"

2065,"Marica","Tarbor","Prudential Lighting Corp","68828 S 32nd St #6","Rosegarland","TAS",0,"marica.tarbor@hotmail.com","http://www.prudentiallightingcorp.com.au"

2066,"Shawna","Albrough","Wood, J Scott Esq","43157 Cypress St","Ringwood",0,"7","shawna.albrough@albrough.com.au"
2067,"Paulina","Maker","Swanson Peterson Fnrl Home Inc","6 S Hanover Ave","Maylands","WA",0,"paulina_maker@maker.net.au","http://www.swansonpetersonfnrlhomeinc.com.au"

2068,"Rose","Jebb","Old Cider Mill Grove","27916 Tarrytown Rd","Wooloowin","QLD",0,"rose@jebb.net.au","http://www.oldcidermillgrove.com.au"

2069,"Lenora","Delacruz","Stilling, William J Esq","5400 Market St","Turill",0,"2","lenora@delacruz.net.au"
2070,,,,,,,0,,
2071,"Rebbecca","Didio","Brandt, Jonathan F Esq","171 E 24th St","Leith",0,"3","rebbecca.didio@didio.com.au"
2072,"Stevie","Hallo","Landrum Temporary Services","22222 Acoma St","Proston","QLD",0,"stevie.hallo@hotmail.com","http://www.landrumtemporaryservices.com.au"

2073,"Mariko","Stayer","Inabinet, Macre Esq","534 Schoenborn St #51","Hamel",0,"8","mariko_stayer@hotmail.com"
2074,"Gerardo","Woodka","Morris Downing & Sherred","69206 Jackson Ave","Talmalmo","NSW",0,"gerardo_woodka@hotmail.com","http://www.morrisdowningsherred.com.au"

2075,"Mayra","Bena","Buelt, David L Esq","808 Glen Cove Ave","Lane Cove",0,"2","mayra.bena@gmail.com"
2076,"Idella","Scotland","Artesian Ice & Cold Storage Co","373 Lafayette St","Cartmeticup","WA",0,"idella@hotmail.com","http://www.artesianicecoldstorageco.com.au"

2077,"Sherill","Klar","Midway Hotel","87 Sylvan Ave","Nyamup","WA",0,"sklar@hotmail.com","http://www.midwayhotel.com.au"

2078,"Ena","Desjardiws","Selsor, Robert J Esq","60562 Ky Rt 321","Bendick Murrell",0,"2","ena_desjardiws@desjardiws.com.au"
2079,"Vince","Siena","Vincent J Petti & Co","70 S 18th Pl","Purrawunda","QLD",0,"vince_siena@yahoo.com","http://www.vincentjpettico.com.au"

2080,"Theron","Jarding","Prentiss, Paul F Esq","8839 Ventura Blvd","Blanchetown",0,"8","tjarding@hotmail.com"
2081,"Amira","Chudej","Public Works Department","3684 N Wacker Dr","Rockside","QLD",0,"amira.chudej@chudej.net.au","http://www.publicworksdepartment.com.au"

2082,"Marica","Tarbor","Prudential Lighting Corp","68828 S 32nd St #6","Rosegarland","TAS",0,"marica.tarbor@hotmail.com","http://www.prudentiallightingcorp.com.au"

2083,"Shawna","Albrough","Wood, J Scott Esq","43157 Cypress St","Ringwood",0,"7","shawna.albrough@albrough.com.au"
2084,"Paulina","Maker","Swanson Peterson Fnrl Home Inc","6 S Hanover Ave","Maylands","WA",0,"paulina_maker@maker.net.au","http://www.swansonpetersonfnrlhomeinc.com.au"

2085,"Rose","Jebb","Old Cider Mill Grove","27916 Tarrytown Rd","Wooloowin","QLD",0,"rose@jebb.net.au","http://www.oldcidermillgrove.com.au"

2086,"Lenora","Delacruz","Stilling, William J Esq","5400 Market St","Turill",0,"2","lenora@delacruz.net.au"
2087,,,,,,,0,,
2088,"Rebbecca","Didio","Brandt, Jonathan F Esq","171 E 24th St","Leith",0,"3","rebbecca.didio@didio.com.au"
2089,"Stevie","Hallo","Landrum Temporary Services","22222 Acoma St","Proston","QLD",0,"stevie.hallo@hotmail.com","http://www.landrumtemporaryservices.com.au"

2090,"Mariko","Stayer","Inabinet, Macre Esq","534 Schoenborn St #51","Hamel",0,"8","mariko_stayer@hotmail.com"
2091,"Gerardo","Woodka","Morris Downing & Sherred","69206 Jackson Ave","Talmalmo","NSW",0,"gerardo_woodka@hotmail.com","http://www.morrisdowningsherred.com.au"

2092,"Mayra","Bena","Buelt, David L Esq","808 Glen Cove Ave","Lane Cove",0,"2","mayra.bena@gmail.com"
2093,"Idella","Scotland","Artesian Ice & Cold Storage Co","373 Lafayette St","Cartmeticup","WA",0,"idella@hotmail.com","http://www.artesianicecoldstorageco.com.au"

2094,"Sherill","Klar","Midway Hotel","87 Sylvan Ave","Nyamup","WA",0,"sklar@hotmail.com","http://www.midwayhotel.com.au"

2095,"Ena","Desjardiws","Selsor, Robert J Esq","60562 Ky Rt 321","Bendick Murrell",0,"2","ena_desjardiws@desjardiws.com.au"
2096,"Vince","Siena","Vincent J Petti & Co","70 S 18th Pl","Purrawunda","QLD",0,"vince_siena@yahoo.com","http://www.vincentjpettico.com.au"

2097,"Theron","Jarding","Prentiss, Paul F Esq","8839 Ventura Blvd","Blanchetown",0,"8","tjarding@hotmail.com"
2098,"Amira","Chudej","Public Works Department","3684 N Wacker Dr","Rockside","QLD",0,"amira.chudej@chudej.net.au","http://www.publicworksdepartment.com.au"

2099,"Marica","Tarbor","Prudential Lighting Corp","68828 S 32nd St #6","Rosegarland","TAS",0,"marica.tarbor@hotmail.com","http://www.prudentiallightingcorp.com.au"

2100,"Shawna","Albrough","Wood, J Scott Esq","43157 Cypress St","Ringwood",0,"7","shawna.albrough@albrough.com.au"
2101,"Paulina","Maker","Swanson Peterson Fnrl Home Inc","6 S Hanover Ave","Maylands","WA",0,"paulina_maker@maker.net.au","http://www.swansonpetersonfnrlhomeinc.com.au"

2102,"Rose","Jebb","Old Cider Mill Grove","27916 Tarrytown Rd","Wooloowin","QLD",0,"rose@jebb.net.au","http://www.oldcidermillgrove.com.au"

2103,"Lenora","Delacruz","Stilling, William J Esq","5400 Market St","Turill",0,"2","lenora@delacruz.net.au"
2104,,,,,,,0,,
2105, Rebbecca , Didio , Brandt, Jonathan F Esq , 171 E 24th St , Leith ,0, 3 , rebbecca.didio@didio.com.au 
2106, Stevie , Hallo , Landrum Temporary Services , 22222 Acoma St , Proston , QLD ,7, stevie.hallo@hotmail.com , http://www.landrumtemporaryservices.com.au 

2107, Mariko , Stayer , Inabinet, Macre Esq , 534 Schoenborn St #51 , Hamel ,0, 8 , mariko_stayer@hotmail.com 
2108, Gerardo , Woodka , Morris Downing & Sherred , 69206 Jackson Ave , Talmalmo , NSW ,2, gerardo_woodka@hotmail.com , http://www.morrisdowningsherred.com.au 

2109, Mayra , Bena , Buelt, David L Esq , 808 Glen Cove Ave , Lane Cove ,0, 2 , mayra.bena@gmail.com 
2110, Idella , Scotland , Artesian Ice & Cold Storage Co , 373 Lafayette St , Cartmeticup , WA ,8, idella@hotmail.com , http://www.artesianicecoldstorageco.com.au 

2111, Sherill , Klar , Midway Hotel , 87 Sylvan Ave , Nyamup , WA ,8, sklar@hotmail.com , http://www.midwayhotel.com.au 

2112, Ena , Desjardiws , Selsor, Robert J Esq , 60562 Ky Rt 321 , Bendick Murrell ,0, 2 , ena_desjardiws@desjardiws.com.au 
2113, Vince , Siena , Vincent J Petti & Co , 70 S 18th Pl , Purrawunda , QLD ,7, vince_siena@yahoo.com , http://www.vincentjpettico.com.au 

2114, Theron , Jarding , Prentiss, Paul F Esq , 8839 Ventura Blvd , Blanchetown ,0, 8 , tjarding@hotmail.com 
2115, Amira , Chudej , Public Works Department , 3684 N Wacker Dr , Rockside , QLD ,7, amira.chudej@chudej.net.au , http://www.publicworksdepartment.com.au 

2116, Marica , Tarbor , Prudential Lighting Corp , 68828 S 32nd St #6 , Rosegarland , TAS ,3, marica.tarbor@hotmail.com , http://www.prudentiallightingcorp.com.au 

2117, Shawna , Albrough , Wood, J Scott Esq , 43157 Cypress St , Ringwood ,0, 7 , shawna.albrough@albrough.com.au 
2118, Paulina , Maker , Swanson Peterson Fnrl Home Inc , 6 S Hanover Ave , Maylands , WA ,8, paulina_maker@maker.net.au , http://www.swansonpetersonfnrlhomeinc.com.au 

2119, Rose , Jebb , Old Cider Mill Grove , 27916 Tarrytown Rd , Wooloowin , QLD ,7, rose@jebb.net.au , http://www.oldcidermillgrove.com.au 

2120, Lenora , Delacruz , Stilling, William J Esq , 5400 Market St , Turill ,0, 2 , lenora@delacruz.net.au 
2121,,,,,,,0,,
2122, Rebbecca , Didio , Brandt, Jonathan F Esq , 171 E 24th St , Leith ,0, 3 , rebbecca.didio@didio.com.au 
2123, Stevie , Hallo , Landrum Temporary Services , 22222 Acoma St , Proston , QLD ,7, stevie.hallo@hotmail.com , http://www.landrumtemporaryservices.com.au 

2124, Mariko , Stayer , Inabinet, Macre Esq , 534 Schoenborn St #51 , Hamel ,0, 8 , mariko_stayer@hotmail.com 
2125, Gerardo , Woodka , Morris Downing & Sherred , 69206 Jackson Ave , Talmalmo , NSW ,2, gerardo_woodka@hotmail.com , http://www.morrisdowningsherred.com.au 

2126, Mayra , Bena , Buelt, David L Esq , 808 Glen Cove Ave , Lane Cove ,0, 2 , mayra.bena@gmail.com 
2127, Idella , Scotland , Artesian Ice & Cold Storage Co , 373 Lafayette St , Cartmeticup , WA ,8, idella@hotmail.com , http://www.artesianicecoldstorageco.com.au 

2128, Sherill , Klar , Midway Hotel , 87 Sylvan Ave , Nyamup , WA ,8, sklar@hotmail.com , http://www.midwayhotel.com.au 

2129, Ena , Desjardiws , Selsor, Robert J Esq , 60562 Ky Rt 321 , Bendick Murrell ,0, 2 , ena_desjardiws@desjardiws.com.au 
2130, Vince , Siena , Vincent J Petti & Co , 70 S 18th Pl , Purrawunda , QLD ,7, vince_siena@yahoo.com , http://www.vincentjpettico.com.au 

2131, Theron , Jarding , Prentiss, Paul F Esq , 8839 Ventura Blvd , Blanchetown ,0, 8 , tjarding@hotmail.com 
2132, Amira , Chudej , Public Works Department , 3684 N Wacker Dr , Rockside , QLD ,7, amira.chudej@chudej.net.au , http://www.publicworksdepartment.com.au 

2133, Marica , Tarbor , Prudential Lighting Corp , 68828 S 32nd St #6 , Rosegarland , TAS ,3, marica.tarbor@hotmail.com , http://www.prudentiallightingcorp.com.au 

2134, Shawna , Albrough , Wood, J Scott Esq , 43157 Cypress St , Ringwood ,0, 7 , shawna.albrough@albrough.com.au 
2135, Paulina , Maker , Swanson Peterson Fnrl Home Inc , 6 S Hanover Ave , Maylands , WA ,8, paulina_maker@maker.net.au , http://www.swansonpetersonfnrlhomeinc.com.au 

2136, Rose , Jebb , Old Cider Mill Grove , 27916 Tarrytown Rd , Wooloowin , QLD ,7, rose@jebb.net.au , http://www.oldcidermillgrove.com.au 

2137, Lenora , Delacruz , Stilling, William J Esq , 5400 Market St , Turill ,0, 2 , lenora@delacruz.net.au 
2138,,,,,,,0,,
2139, Rebbecca , Didio , Brandt, Jonathan F Esq , 171 E 24th St , Leith ,0, 3 , rebbecca.didio@didio.com.au 
2140, Stevie , Hallo , Landrum Temporary Services , 22222 Acoma St , Proston , QLD ,7, stevie.hallo@hotmail.com , http://www.landrumtemporaryservices.com.au 

2141, Mariko , Stayer , Inabinet, Macre Esq , 534 Schoenborn St #51 , Hamel ,0, 8 , mariko_stayer@hotmail.com 
2142, Gerardo , Woodka , Morris Downing & Sherred , 69206 Jackson Ave , Talmalmo , NSW ,2, gerardo_woodka@hotmail.com , http://www.morrisdowningsherred.com.au 

2143, Mayra , Bena , Buelt, David L Esq , 808 Glen Cove Ave , Lane Cove ,0, 2 , mayra.bena@gmail.com 
2144, Idella , Scotland , Artesian Ice & Cold Storage Co , 373 Lafayette St , Cartmeticup , WA ,8, idella@hotmail.com , http://www.artesianicecoldstorageco.com.au 

2145, Sherill , Klar , Midway Hotel , 87 Sylvan Ave , Nyamup , WA ,8, sklar@hotmail.com , http://www.midwayhotel.com.au 

2146, Ena , Desjardiws , Selsor, Robert J Esq , 60562 Ky Rt 321 , Bendick Murrell ,0, 2 , ena_desjardiws@desjardiws.com.au 
2147, Vince , Siena , Vincent J Petti & Co , 70 S 18th Pl , Purrawunda , QLD ,7, vince_siena@yahoo.com , http://www.vincentjpettico.com.au 

2148, Theron , Jarding , Prentiss, Paul F Esq , 8839 Ventura Blvd , Blanchetown ,0, 8 , tjarding@hotmail.com 
2149, Amira , Chudej , Public Works Department , 3684 N Wacker Dr , Rockside , QLD ,7, amira.chudej@chudej.net.au , http://www.publicworksdepartment.com.au 

2150, Marica , Tarbor , Prudential Lighting Corp , 68828 S 32nd St #6 , Rosegarland , TAS ,3, marica.tarbor@hotmail.com , http://www.prudentiallightingcorp.com.au 

2151, Shawna , Albrough , Wood, J Scott Esq , 43157 Cypress St , Ringwood ,0, 7 , shawna.albrough@albrough.com.au 
2152, Paulina , Maker , Swanson Peterson Fnrl Home Inc , 6 S Hanover Ave , Maylands , WA ,8, paulina_maker@maker.net.au , http://www.swansonpetersonfnrlhomeinc.com.au 

2153, Rose , Jebb , Old Cider Mill Grove , 27916 Tarrytown Rd , Wooloowin , QLD ,7, rose@jebb.net.au , http://www.oldcidermillgrove.com.au 

2154, Lenora , Delacruz , Stilling, William J Esq , 5400 Market St , Turill ,0, 2 , lenora@delacruz.net.au 
2155, Rebbecca , Didio , Brandt, Jonathan F Esq , 171 E 24th St , Leith ,0, 3 , rebbecca.didio@didio.com.au 
2156, Stevie , Hallo , Landrum Temporary Services , 22222 Acoma St , Proston , QLD ,7, stevie.hallo@hotmail.com , http://www.landrumtemporaryservices.com.au 

2157, Mariko , Stayer , Inabinet, Macre Esq , 534 Schoenborn St #51 , Hamel ,0, 8 , mariko_stayer@hotmail.com 
2158, Gerardo , Woodka , Morris Downing & Sherred , 69206 Jackson Ave , Talmalmo , NSW ,2, gerardo_woodka@hotmail.com , http://www.morrisdowningsherred.com.au 

2159, Mayra , Bena , Buelt, David L Esq , 808 Glen Cove Ave , Lane Cove ,0, 2 , mayra.bena@gmail.com 
2160, Idella , Scotland , Artesian Ice & Cold Storage Co , 373 Lafayette St , Cartmeticup , WA ,8, idella@hotmail.com , http://www.artesianicecoldstorageco.com.au 

2161, Sherill , Klar , Midway Hotel , 87 Sylvan Ave , Nyamup , WA ,8, sklar@hotmail.com , http://www.midwayhotel.com.au 

2162, Ena , Desjardiws , Selsor, Robert J Esq , 60562 Ky Rt 321 , Bendick Murrell ,0, 2 , ena_desjardiws@desjardiws.com.au 
2163, Vince , Siena , Vincent J Petti & Co , 70 S 18th Pl , Purrawunda , QLD ,7, vince_siena@yahoo.com , http://www.vincentjpettico.com.au 

2164, Theron , Jarding , Prentiss, Paul F Esq , 8839 Ventura Blvd , Blanchetown ,0, 8 , tjarding@hotmail.com 
2165, Amira , Chudej , Public Works Department , 3684 N Wacker Dr , Rockside , QLD ,7, amira.chudej@chudej.net.au , http://www.publicworksdepartment.com.au 

2166, Marica , Tarbor , Prudential Lighting Corp , 68828 S 32nd St #6 , Rosegarland , TAS ,3, marica.tarbor@hotmail.com , http://www.prudentiallightingcorp.com.au 

2167, Shawna , Albrough , Wood, J Scott Esq , 43157 Cypress St , Ringwood ,0, 7 , shawna.albrough@albrough.com.au 
2168, Paulina , Maker , Swanson Peterson Fnrl Home Inc , 6 S Hanover Ave , Maylands , WA ,8, paulina_maker@maker.net.au , http://www.swansonpetersonfnrlhomeinc.com.au 

2169, Rose , Jebb , Old Cider Mill Grove , 27916 Tarrytown Rd , Wooloowin , QLD ,7, rose@jebb.net.au , http://www.oldcidermillgrove.com.au 

2170, Lenora , Delacruz , Stilling, William J Esq , 5400 Market St , Turill ,0, 2 , lenora@delacruz.net.au 
2171, Rebbecca , Didio , Brandt, Jonathan F Esq , 171 E 24th St , Leith ,0, 3 , rebbecca.didio@didio.com.au 
2172, Stevie , Hallo , Landrum Temporary Services , 22222 Acoma St , Proston , QLD ,7, stevie.hallo@hotmail.com , http://www.landrumtemporaryservices.com.au 

2173, Mariko , Stayer , Inabinet, Macre Esq , 534 Schoenborn St #51 , Hamel ,0, 8 , mariko_stayer@hotmail.com 
2174, Gerardo , Woodka , Morris Downing & Sherred , 69206 Jackson Ave , Talmalmo , NSW ,2, gerardo_woodka@hotmail.com , http://www.morrisdowningsherred.com.au 

2175, Mayra , Bena , Buelt, David L Esq , 808 Glen Cove Ave , Lane Cove ,0, 2 , mayra.bena@gmail.com 
2176, Idella , Scotland , Artesian Ice & Cold Storage Co , 373 Lafayette St , Cartmeticup , WA ,8, idella@hotmail.com , http://www.artesianicecoldstorageco.com.au 

2177, Sherill , Klar , Midway Hotel , 87 Sylvan Ave , Nyamup , WA ,8, sklar@hotmail.com , http://www.midwayhotel.com.au 

2178, Ena , Desjardiws , Selsor, Robert J Esq , 60562 Ky Rt 321 , Bendick Murrell ,0, 2 , ena_desjardiws@desjardiws.com.au 
2179, Vince , Siena , Vincent J Petti & Co , 70 S 18th Pl , Purrawunda , QLD ,7, vince_siena@yahoo.com , http://www.vincentjpettico.com.au 

2180, Theron , Jarding , Prentiss, Paul F Esq , 8839 Ventura Blvd , Blanchetown ,0, 8 , tjarding@hotmail.com 
2181, Amira , Chudej , Public Works Department , 3684 N Wacker Dr , Rockside , QLD ,7, amira.chudej@chudej.net.au , http://www.publicworksdepartment.com.au 

2182, Marica , Tarbor , Prudential Lighting Corp , 68828 S 32nd St #6 , Rosegarland , TAS ,3, marica.tarbor@hotmail.com , http://www.prudentiallightingcorp.com.au 

2183, Shawna , Albrough , Wood, J Scott Esq , 43157 Cypress St , Ringwood ,0, 7 , shawna.albrough@albrough.com.au 
2184, Paulina , Maker , Swanson Peterson Fnrl Home Inc , 6 S Hanover Ave , Maylands , WA ,8, paulina_maker@maker.net.au , http://www.swansonpetersonfnrlhomeinc.com.au 

2185, Rose , Jebb , Old Cider Mill Grove , 27916 Tarrytown Rd , Wooloowin , QLD ,7, rose@jebb.net.au , http://www.oldcidermillgrove.com.au 

2186, Lenora , Delacruz , Stilling, William J Esq , 5400 Market St , Turill ,0, 2 , lenora@delacruz.net.au 
2187, Rebbecca , Didio , Brandt, Jonathan F Esq , 171 E 24th St , Leith ,0, 3 , rebbecca.didio@didio.com.au 
2188, Stevie , Hallo , Landrum Temporary Services , 22222 Acoma St , Proston , QLD ,7, stevie.hallo@hotmail.com , http://www.landrumtemporaryservices.com.au 

2189, Mariko , Stayer , Inabinet, Macre Esq , 534 Schoenborn St #51 , Hamel ,0, 8 , mariko_stayer@hotmail.com 
2190, Gerardo , Woodka , Morris Downing & Sherred , 69206 Jackson Ave , Talmalmo , NSW ,2, gerardo_woodka@hotmail.com , http://www.morrisdowningsherred.com.au 

2191, Mayra , Bena , Buelt, David L Esq , 808 Glen Cove Ave , Lane Cove ,0, 2 , mayra.bena@gmail.com 
2192, Idella , Scotland , Artesian Ice & Cold Storage Co , 373 Lafayette St , Cartmeticup , WA ,8, idella@hotmail.com , http://www.artesianicecoldstorageco.com.au 

2193, Sherill , Klar , Midway Hotel , 87 Sylvan Ave , Nyamup , WA ,8, sklar@hotmail.com , http://www.midwayhotel.com.au 

2194, Ena , Desjardiws , Selsor, Robert J Esq , 60562 Ky Rt 321 , Bendick Murrell ,0, 2 , ena_desjardiws@desjardiws.com.au 
2195, Vince , Siena , Vincent J Petti & Co , 70 S 18th Pl , Purrawunda , QLD ,7, vince_siena@yahoo.com , http://www.vincentjpettico.com.au 

2196, Theron , Jarding , Prentiss, Paul F Esq , 8839 Ventura Blvd , Blanchetown ,0, 8 , tjarding@hotmail.com 
2197, Amira , Chudej , Public Works Department , 3684 N Wacker Dr , Rockside , QLD ,7, amira.chudej@chudej.net.au , http://www.publicworksdepartment.com.au 

2198, Marica , Tarbor , Prudential Lighting Corp , 68828 S 32nd St #6 , Rosegarland , TAS ,3, marica.tarbor@hotmail.com , http://www.prudentiallightingcorp.com.au 

2199, Shawna , Albrough , Wood, J Scott Esq , 43157 Cypress St , Ringwood ,0, 7 , shawna.albrough@albrough.com.au 
2200, Paulina , Maker , Swanson Peterson Fnrl Home Inc , 6 S Hanover Ave , Maylands , WA ,8, paulina_maker@maker.net.au , http://www.swansonpetersonfnrlhomeinc.com.au 

2201, Rose , Jebb , Old Cider Mill Grove , 27916 Tarrytown Rd , Wooloowin , QLD ,7, rose@jebb.net.au , http://www.oldcidermillgrove.com.au 

2202, Lenora , Delacruz , Stilling, William J Esq , 5400 Market St , Turill ,0, 2 , lenora@delacruz.net.au 
2203, Rebbecca , Didio , Brandt, Jonathan F Esq , 171 E 24th St , Leith ,0, 3 , rebbecca.didio@didio.com.au 
2204, Stevie , Hallo , Landrum Temporary Services , 22222 Acoma St , Proston , QLD ,7, stevie.hallo@hotmail.com , http://www.landrumtemporaryservices.com.au 

2205, Mariko , Stayer , Inabinet, Macre Esq , 534 Schoenborn St #51 , Hamel ,0, 8 , mariko_stayer@hotmail.com 
2206, Gerardo , Woodka , Morris Downing & Sherred , 69206 Jackson Ave , Talmalmo , NSW ,2, gerardo_woodka@hotmail.com , http://www.morrisdowningsherred.com.au 

2207, Mayra , Bena , Buelt, David L Esq , 808 Glen Cove Ave , Lane Cove ,0, 2 , mayra.bena@gmail.com 
2208, Idella , Scotland , Artesian Ice & Cold Storage Co , 373 Lafayette St , Cartmeticup , WA ,8, idella@hotmail.com , http://www.artesianicecoldstorageco.com.au 

2209, Sherill , Klar , Midway Hotel , 87 Sylvan Ave , Nyamup , WA ,8, sklar@hotmail.com , http://www.midwayhotel.com.au 

2210, Ena , Desjardiws , Selsor, Robert J Esq , 60562 Ky Rt 321 , Bendick Murrell ,0, 2 , ena_desjardiws@desjardiws.com.au 
2211, Vince , Siena , Vincent J Petti & Co , 70 S 18th Pl , Purrawunda , QLD ,7, vince_siena@yahoo.com , http://www.vincentjpettico.com.au 

2212, Theron , Jarding , Prentiss, Paul F Esq , 8839 Ventura Blvd , Blanchetown ,0, 8 , tjarding@hotmail.com 
2213, Amira , Chudej , Public Works Department , 3684 N Wacker Dr , Rockside , QLD ,7, amira.chudej@chudej.net.au , http://www.publicworksdepartment.com.au 

2214, Marica , Tarbor , Prudential Lighting Corp , 68828 S 32nd St #6 , Rosegarland , TAS ,3, marica.tarbor@hotmail.com , http://www.prudentiallightingcorp.com.au 

2215, Shawna , Albrough , Wood, J Scott Esq , 43157 Cypress St , Ringwood ,0, 7 , shawna.albrough@albrough.com.au 
2216, Paulina , Maker , Swanson Peterson Fnrl Home Inc , 6 S Hanover Ave , Maylands , WA ,8, paulina_maker@maker.net.au , http://www.swansonpetersonfnrlhomeinc.com.au 

2217, Rose , Jebb , Old Cider Mill Grove , 27916 Tarrytown Rd , Wooloowin , QLD ,7, rose@jebb.net.au , http://www.oldcidermillgrove.com.au 

2218, Lenora , Delacruz , Stilling, William J Esq , 5400 Market St , Turill ,0, 2 , lenora@delacruz.net.au 
2219, Rebbecca , Didio , Brandt, Jonathan F Esq , 171 E 24th St , Leith ,0, 3 , rebbecca.didio@didio.com.au 
2220, Stevie , Hallo , Landrum Temporary Services , 22222 Acoma St , Proston , QLD ,7, stevie.hallo@hotmail.com , http://www.landrumtemporaryservices.com.au 

2221, Mariko , Stayer , Inabinet, Macre Esq , 534 Schoenborn St #51 , Hamel ,0, 8 , mariko_stayer@hotmail.com 
2222, Gerardo , Woodka , Morris Downing & Sherred , 69206 Jackson Ave , Talmalmo , NSW ,2, gerardo_woodka@hotmail.com , http://www.morrisdowningsherred.com.au 

2223, Mayra , Bena , Buelt, David L Esq , 808 Glen Cove Ave , Lane Cove ,0, 2 , mayra.bena@gmail.com 
2224, Idella , Scotland , Artesian Ice & Cold Storage Co , 373 Lafayette St , Cartmeticup , WA ,8, idella@hotmail.com , http://www.artesianicecoldstorageco.com.au 

2225, Sherill , Klar , Midway Hotel , 87 Sylvan Ave , Nyamup , WA ,8, sklar@hotmail.com , http://www.midwayhotel.com.au 

2226, Ena , Desjardiws , Selsor, Robert J Esq , 60562 Ky Rt 321 , Bendick Murrell ,0, 2 , ena_desjardiws@desjardiws.com.au 
2227, Vince , Siena , Vincent J Petti & Co , 70 S 18th Pl , Purrawunda , QLD ,7, vince_siena@yahoo.com , http://www.vincentjpettico.com.au 

2228, Theron , Jarding , Prentiss, Paul F Esq , 8839 Ventura Blvd , Blanchetown ,0, 8 , tjarding@hotmail.com 
2229, Amira , Chudej , Public Works Department , 3684 N Wacker Dr , Rockside , QLD ,7, amira.chudej@chudej.net.au , http://www.publicworksdepartment.com.au 

2230, Marica , Tarbor , Prudential Lighting Corp , 68828 S 32nd St #6 , Rosegarland , TAS ,3, marica.tarbor@hotmail.com , http://www.prudentiallightingcorp.com.au 

2231, Shawna , Albrough , Wood, J Scott Esq , 43157 Cypress St , Ringwood ,0, 7 , shawna.albrough@albrough.com.au 
2232, Paulina , Maker , Swanson Peterson Fnrl Home Inc , 6 S Hanover Ave , Maylands , WA ,8, paulina_maker@maker.net.au , http://www.swansonpetersonfnrlhomeinc.com.au 

2233, Rose , Jebb , Old Cider Mill Grove , 27916 Tarrytown Rd , Wooloowin , QLD ,7, rose@jebb.net.au , http://www.oldcidermillgrove.com.au 

2234, Lenora , Delacruz , Stilling, William J Esq , 5400 Market St , Turill ,0, 2 , lenora@delacruz.net.au 
